movieCd,movieNm,showTm,prdtYear,openDt,typeNm,nations,genres,directors,actors,companys,audits,w1,w2,w3,w4,tot
20157042,셜록: 유령신부,114,2015,20160102,장편,영국,드라마|범죄,더글라스 맥키넌,베네딕트 컴버배치|마틴 프리먼,메가박스중앙(주)플러스엠,12세이상관람가,1086912,1251033,1275444,1278172,1278894
20155422,굿 다이노,100,2015,20160107,장편,미국,코미디|애니메이션|어드벤처,피터 손,레이몬드 오초아|잭 브라이트,월트디즈니컴퍼니코리아(주),전체관람가,736477,1103163,1294868,1325983,1330183
20142641,나를 잊지 말아요,106,2015,20160107,장편,한국,멜로/로맨스,이윤정,정우성|김하늘,씨제이이앤엠(주),15세이상관람가,391766,423624,425020,427057,427197
20158882,유스,123,2015,20160107,장편,영국|이탈리아|프랑스|스위스,드라마,파올로 소렌티노,마이클 케인|하비 케이틀|레이첼 와이즈|폴 다노|제인 폰다,그린나래미디어(주),15세이상관람가,32158,52365,65062,74440,87204
20159510,헤이트풀8,167,2015,20160107,장편,미국,서부극(웨스턴)|액션|스릴러,쿠엔틴 타란티노,사무엘 L. 잭슨|커트 러셀|제니퍼 제이슨 리|월튼 고긴스|데미안 비쉬어|팀 로스|마이클 매드슨|브루스 던|채닝 테이텀,(주)누리픽쳐스,청소년관람불가,92834,111986,116484,117396,122266
20154001,레버넌트: 죽음에서 돌아온 자,156,2015,20160114,장편,미국,드라마|어드벤처,알레한드로 곤잘레스 이냐리투,레오나르도 디카프리오|톰 하디,이십세기폭스코리아(주),15세이상관람가,1120352,1700327,1923884,1983152,2007665
20157158,구스범스,103,2015,20160114,장편,미국,코미디|액션|어드벤처,롭 레터맨,잭 블랙|딜런 미네트|오데야 러쉬|라이언 리,유니버설픽쳐스인터내셔널 코리아(유),12세이상관람가,245631,302200,304967,305074,305134
20068576,그날의 분위기,103,2015,20160114,장편,한국,멜로/로맨스,조규장,문채원|유연석,(주)쇼박스,15세이상관람가,495339,627470,651028,652249,653287
20158483,오빠생각,123,2015,20160121,장편,한국,전쟁|드라마,이한,임시완|정준원|이레|고아성|이희준,(주)넥스트엔터테인먼트월드(NEW),12세이상관람가,731110,958811,1041051,1067171,1069864
20150566,극장판 꼬마버스 타요의 에이스 구출작전,48,2015,20160121,장편,한국,애니메이션,류정우,문남숙|정혜옥|최하나|김영선,(주)아이코닉스,전체관람가,82893,115378,127253,130222,135478
20159199,빅쇼트,130,2015,20160121,장편,미국,드라마,아담 맥케이,크리스찬 베일|스티브 카렐|라이언 고슬링|브래드 피트,롯데쇼핑㈜롯데엔터테인먼트,청소년관람불가,265982,382991,422748,442538,447220
20150461,스티브 잡스,122,2015,20160121,장편,미국,드라마,대니 보일,마이클 패스벤더|케이트 윈슬렛|세스 로건,유니버설픽쳐스인터내셔널 코리아(유),12세이상관람가,57536,65315,67008,68017,68815
20157466,"로봇, 소리",117,2015,20160127,장편,한국,드라마,이호재,이성민|이희준|이하늬|김원해|채수빈|전혜진|심은경,롯데쇼핑㈜롯데엔터테인먼트,12세이상관람가,342118,444172,472670,476207,476665
20151803,쿵푸팬더3,94,2015,20160128,장편,미국,어드벤처|애니메이션|액션,알레산드로 칼로니|여인영,잭 블랙|안젤리나 졸리|더스틴 호프만,씨제이이앤엠(주),전체관람가,1925530,3326750,3800631,3941321,3984814
20145507,검사외전,126,2015,20160203,장편,한국,코미디|범죄,이일형,황정민|강동원,(주)쇼박스,15세이상관람가,6405797,8499038,9239900,9595701,9707581
20159657,최강전사 미니특공대: 영웅의 탄생,68,2016,20160204,장편,한국,애니메이션,이영준,0,(주)삼지애니메이션,전체관람가,87395,112474,115306,116082,117446
20150942,캐롤,118,2015,20160204,장편,영국|미국,드라마,토드 헤인즈,케이트 블란쳇|루니 마라,CGV아트하우스,청소년관람불가,145373,260555,290744,304147,335274
20159059,앨빈과 슈퍼밴드: 악동 어드벤처,91,2015,20160204,장편,미국,코미디|애니메이션|어드벤처,월트 벡커,저스틴 롱|제이슨 리|매튜 그레이 구블러|제시 맥카트니,이십세기폭스코리아(주),전체관람가,205800,281369,291474,292442,292495
20150725,극장판 아이엠스타 : 꿈의 오디션!,88,2014,20160211,장편,일본,애니메이션,키무라 류이치,정혜원|이용신|김채하|소연|여윤미|모로호시 스미레|타도코로 아즈사|오오하시 아야카,씨제이이앤엠(주),전체관람가,114062,136686,140962,141177,141351
20150903,번개맨,72,2015,20160211,장편,한국,가족|판타지,조근현,정현진|루나,씨네그루(주)키다리이엔티,전체관람가,59510,65624,68048,68958,69363
20155501,주토피아,108,2015,20160217,장편,미국,어드벤처|애니메이션|액션,리치 무어|바이론 하워드,지니퍼 굿윈|제이슨 베이트먼,월트디즈니컴퍼니코리아(주),전체관람가,647314,1574413,1975196,2426840,4706158
20150977,좋아해줘,122,2015,20160217,장편,한국,코미디|멜로/로맨스,박현진,이미연|최지우|김주혁|유아인|강하늘|이솜,씨제이이앤엠(주),12세이상관람가,622398,813712,843534,846603,848148
20153781,데드풀,107,2016,20160217,장편,미국,SF|액션,팀 밀러,라이언 레이놀즈,이십세기폭스코리아(주),청소년관람불가,2108639,2928909,3181960,3271447,3320491
20158482,동주,110,2015,20160217,장편,한국,드라마,이준익,강하늘|박정민,메가박스중앙(주)플러스엠,12세이상관람가,387085,794952,966852,1060964,1176468
20155020,대니쉬 걸,119,2015,20160217,장편,영국|미국,드라마,톰 후퍼,에디 레드메인|알리시아 비칸데르,유니버설픽쳐스인터내셔널 코리아(유),청소년관람불가,77162,106122,119972,126552,134079
20151111,빌리와 용감한 녀석들: 치킨 히어로,83,2015,20160217,장편,멕시코|미국,애니메이션,로돌포 리바 팔라시오 알라트리스테|가브리엘 리바 팔라시오 알라트리스테,이재범|김혜성|이경태|브루노 비처|안젤리카 베일|오마르 차파로,(주)박수엔터테인먼트|㈜코리아스크린,전체관람가,27695,34256,35362,35491,35937
20150565,스포트라이트,128,2015,20160224,장편,미국,스릴러|드라마,토마스 맥카시,마이클 키튼|마크 러팔로|레이첼 맥아담스,(주)팝엔터테인먼트,15세이상관람가,162007,246289,276520,291406,301714
20161364,귀향,127,2015,20160224,장편,한국,드라마,조정래,박지희|강하나|서미지|홍세나|김시은|남상지|최리|정무성|김민수|류신|임성철|이승현|오지혜|정인기,(주)와우픽쳐스,15세이상관람가,1907746,2805003,3243634,3476468,3587252
20151021,순정,113,2015,20160224,장편,한국,드라마,이은희,디오|김소현|연준석|이다윗|주아름|박해준|김지호|박용우,(주)리틀빅픽쳐스,12세이상관람가,227381,236938,238689,240484,240704
20161382,레터스 투 갓,113,2010,20160225,장편,미국,드라마|가족,데이빗 닉슨,태너 맥과이어|제프리 존슨|로빈 리블리,(주)모멘텀엔터테인먼트,전체관람가,24589,33753,42289,46434,66397
20145502,남과 여,115,2015,20160225,장편,한국,멜로/로맨스,이윤기,전도연|공유,(주)쇼박스,청소년관람불가,182382,199253,202551,203668,203775
20156063,룸,117,2015,20160303,장편,캐나다|아일랜드,드라마,레니 에이브러햄슨,브리 라슨|제이콥 트렘블레이|조안 알렌,(주)영화사 빅,15세이상관람가,70736,79167,83156,85023,87768
20159162,갓 오브 이집트,126,2016,20160303,장편,미국,판타지|어드벤처,알렉스 프로야스,제라드 버틀러|니콜라이 코스터 왈도|브렌튼 스웨이츠,(주)시네마서비스|(주)나이너스엔터테인먼트,12세이상관람가,628970,831714,915842,919666,919882
20145396,널 기다리며,108,2015,20160310,장편,한국,스릴러,모홍진,심은경|윤제문|김성오,(주)넥스트엔터테인먼트월드(NEW),청소년관람불가,414657,599741,630907,634928,635235
20151884,런던 해즈 폴른,97,2016,20160310,장편,영국|미국,스릴러|액션|범죄,바박 나자피,제라드 버틀러|아론 에크하트|모건 프리먼,메가박스중앙(주)플러스엠,15세이상관람가,418095,670485,722427,730911,731683
20158529,조이,124,2015,20160310,장편,미국,드라마|코미디,데이빗 O. 러셀,제니퍼 로렌스|로버트 드 니로|브래들리 쿠퍼,이십세기폭스코리아(주),12세이상관람가,139857,167943,169927,170801,172253
20162381,일사각오,115,2016,20160317,장편,한국,드라마,고문안|권혁만,이지형,파이오니아21,12세이상관람가,27669,46917,57815,68108,94825
20161881,부활,107,2016,20160317,장편,미국,드라마,케빈 레이놀즈,조셉 파인즈,유니버설픽쳐스인터내셔널 코리아(유),12세이상관람가,55225,112835,145154,163434,176539
20161968,오 마이 그랜파,99,2015,20160317,장편,미국,코미디,댄 마저,로버트 드 니로|잭 에프론,판씨네마(주),청소년관람불가,74971,77932,78917,79551,79701
20152781,배트맨 대 슈퍼맨: 저스티스의 시작,151,2016,20160324,장편,미국,판타지|액션|어드벤처,잭 스나이더,벤 애플렉|헨리 카빌,워너브러더스 코리아(주),12세이상관람가,1646940,2072753,2216810,2247073,2256913
20159643,글로리데이,92,2015,20160324,장편,한국,드라마,최정열,지수|수호|류준열|김희찬,(주)엣나인필름,15세이상관람가,141660,180101,186471,188895,189442
20161921,"헤일, 시저!",105,2016,20160324,장편,미국,드라마|코미디,에단 코엔|조엘 코엔,조슈 브롤린|조지 클루니|스칼렛 요한슨|랄프 파인즈|채닝 테이텀|틸다 스윈튼|엘든 이렌리치|조나 힐,유니버설픽쳐스인터내셔널 코리아(유),12세이상관람가,28796,32095,33396,33965,34331
20150902,대배우,108,2015,20160330,장편,한국,코미디,석민우,오달수|윤제문|이경영,(주)대명문화공장|(주)리틀빅픽쳐스,12세이상관람가,156791,168065,169016,169226,169984
20152782,"날, 보러와요",90,2015,20160407,장편,한국,스릴러|미스터리,이철하,강예원|이상윤|최진호,메가박스중앙(주)플러스엠,청소년관람불가,615271,885441,1032928,1060633,1063442
20162065,클로버필드 10번지,103,2016,20160407,장편,미국,스릴러|미스터리,댄 트라첸버그,메리 엘리자베스 윈스티드|존 굿맨|존 갤러거 주니어,롯데쇼핑㈜롯데엔터테인먼트,15세이상관람가,301274,344697,356423,357264,357736
20161964,독수리 에디,106,2016,20160407,장편,미국,드라마,덱스터 플레처,태런 에저튼|휴 잭맨,이십세기폭스코리아(주),12세이상관람가,190073,218510,225137,225849,226341
20161870,트럼보,124,2015,20160407,장편,미국,드라마,제이 로치,브라이언 크랜스턴|다이안 레인|헬렌 미렌|엘르 패닝,그린나래미디어(주)|(주)프레인글로벌,15세이상관람가,45189,51168,56555,59501,61964
20145506,해어화,120,2015,20160413,장편,한국,드라마|사극,박흥식,한효주|천우희|유연석,롯데쇼핑㈜롯데엔터테인먼트,15세이상관람가,303873,436214,471621,480789,485695
20142621,시간이탈자,107,2015,20160413,장편,한국,스릴러,곽재용,임수정|조정석|이진욱,씨제이이앤엠(주),15세이상관람가,663977,1026760,1166031,1201547,1202511
20158984,헌츠맨: 윈터스 워,113,2016,20160413,장편,미국,어드벤처|액션,세딕 니콜라스 트로얀,크리스 헴스워스|에밀리 블런트|제시카 차스테인|샤를리즈 테론,유니버설픽쳐스인터내셔널 코리아(유),12세이상관람가,346027,439610,441104,441383,445009
20162431,극장판 프랭키와 친구들: 생명의 나무,71,2016,20160413,장편,한국,애니메이션,박정오,이소은|안영미|김민정|최승훈,예지림엔터테인먼트,전체관람가,30907,42550,47856,48187,56860
20145182,4등,119,2014,20160413,장편,한국,드라마,정지우,박해준|이항나|유재상,(주)프레인글로벌|CGV아트하우스,15세이상관람가,20972,28220,31069,33138,39544
20162206,브루클린,111,2016,20160421,장편,미국,멜로/로맨스|드라마,존 크로울리,도널 글리슨|시얼샤 로넌,이십세기폭스코리아(주),12세이상관람가,17609,31487,42002,47731,51106
20159641,위대한 소원,93,2016,20160421,장편,한국,드라마|코미디,남대중,류덕환|김동영|안재홍|전노민|전미선,(주)넥스트엔터테인먼트월드(NEW),15세이상관람가,256048,300981,306575,307732,308398
20159364,캡틴 아메리카: 시빌 워,147,2015,20160427,장편,미국,스릴러|액션|SF,조 루소|안소니 루소,크리스 에반스|로버트 다우니 주니어,월트디즈니컴퍼니코리아(주),12세이상관람가,4871540,7648143,8355440,8604338,8678117
20161842,태양 아래,91,2015,20160427,장편,독일|체코|러시아,다큐멘터리,비탈리 만스키,0,THE 픽쳐스,전체관람가,13420,24298,26256,27688,33008
20142406,탐정 홍길동: 사라진 마을,125,2016,20160504,장편,한국,액션|드라마,조성희,이제훈|김성균,씨제이이앤엠(주),15세이상관람가,949965,1287089,1407781,1427932,1430960
20162300,매직브러시,80,2016,20160504,장편,중국,애니메이션,쯔씽 쫑,김서영|김경희|박상훈|홍진욱|소역침|맹상룡|홍해천,(주)영화사 빅,전체관람가,152842,168278,169639,171055,172396
20162542,다이노소어 어드벤처 : 백악기 공룡대백과,83,2015,20160504,장편,영국,다큐멘터리,앤드류 코헨|닐 나이팅게일|베리 쿡,0,(주)박수엔터테인먼트|(주)애니플러스,전체관람가,93305,107660,109097,110991,112242
20162704,극장판 안녕 자두야,75,2016,20160504,장편,한국,애니메이션,손석우,여민정|양정화,씨제이이앤엠(주),전체관람가,219975,265929,276202,279116,280656
20158888,45년 후,95,2015,20160505,장편,영국,멜로/로맨스|드라마,앤드류 헤이,샬롯 램플링|톰 커트니,판씨네마(주),15세이상관람가,13379,19007,21405,22513,23994
20163137,나의 소녀시대,134,2015,20160512,장편,대만,드라마|멜로/로맨스,프랭키 첸,송운화|왕대륙|이옥새|간정예,오드,15세이상관람가,98459,238323,333669,385459,410538
20140194,곡성,156,2016,20160512,장편,미국|한국,드라마|미스터리|스릴러,나홍진,곽도원|황정민|쿠니무라 준|천우희|김환희,이십세기폭스코리아(주),15세이상관람가,3212395,5056604,5927523,6546300,6879989
20156559,계춘할망,116,2016,20160519,장편,한국,드라마|가족,창,윤여정|김고은,(주)콘텐츠 난다긴다,15세이상관람가,302809,424137,470733,475989,482784
20163018,싱 스트리트,105,2016,20160519,장편,미국|아일랜드|영국,멜로/로맨스|드라마,존 카니,퍼디아 월시 필로|루시 보인턴,(주)이수C&E,15세이상관람가,253974,404667,507264,534990,574853
20156207,앵그리버드 더 무비,97,2016,20160519,장편,핀란드|미국,애니메이션,클레이 케이티스|퍼갈 레일리,신용우|신동엽|정영웅|제이슨 서디키스|조시 게드|대니 맥브라이드,유니버설픽쳐스인터내셔널 코리아(유),전체관람가,286044,462415,633587,662562,680622
20163322,동급생,60,2016,20160519,장편,일본,드라마|애니메이션,나카무라 쇼코,노지마 켄지|카미야 히로시,(주)박수엔터테인먼트,15세이상관람가,14340,23222,32746,36074,39461
20150523,엑스맨: 아포칼립스,145,2016,20160525,장편,미국,SF|액션|어드벤처|판타지,브라이언 싱어,제임스 맥어보이|마이클 패스벤더|제니퍼 로렌스|오스카 아이삭|니콜라스 홀트,이십세기폭스코리아(주),12세이상관람가,1907570,2779638,2916902,2935568,2938818
20162569,오베라는 남자,115,2015,20160525,장편,스웨덴,드라마,하네스 홀름,롤프 라스가드|바하 파르스|필립 베리,(주)싸이더스|(주)디스테이션,12세이상관람가,59349,75545,80531,82978,92896
20144444,아가씨,144,2016,20160601,장편,한국,드라마|스릴러,박찬욱,김민희|김태리|하정우,씨제이이앤엠(주),청소년관람불가,2503831,3362254,3863932,4136359,4288908
20163215,미 비포 유,110,2016,20160601,장편,미국,드라마|멜로/로맨스,테아 샤록,에밀리아 클라크|샘 클래플린,워너브러더스 코리아(주),12세이상관람가,378026,559802,702593,815935,945172
20162925,더 보이,97,2015,20160601,장편,미국,스릴러|공포(호러),윌리엄 브렌트 벨,루퍼트 에반스|로렌 코핸,(주)리틀빅픽쳐스,15세이상관람가,55912,56748,56837,56849,57269
20163201,바다 탐험대 옥토넛 시즌4: 아슬아슬 구조대작전,68,2016,20160602,장편,영국,어드벤처|애니메이션,다라 오코넬,하성용|정재헌|엄상현|윤승희|김정은|유동균|김율|한경화,와이드 릴리즈(주),전체관람가,37613,50761,55857,57140,58619
20163841,플래그 더 문,94,2015,20160602,장편,스페인,어드벤처|애니메이션,엔리케 가토,이경태|이지현,(주)박수엔터테인먼트,전체관람가,40140,42848,43630,43704,44574
20158150,워크래프트: 전쟁의 서막,122,2016,20160609,장편,미국,판타지|액션|어드벤처,던칸 존스,트래비스 핌멜|벤 포스터|폴라 패튼|도미닉 쿠퍼|클랜시 브라운|토비 켑벨,유니버설픽쳐스인터내셔널 코리아(유),12세이상관람가,851214,1107106,1156881,1162826,1163274
20162941,컨저링 2,131,2016,20160609,장편,미국,공포(호러),제임스 완,베라 파미가|패트릭 윌슨,워너브러더스 코리아(주),15세이상관람가,827336,1439894,1727331,1862793,1928605
20162967,정글북,105,2015,20160609,장편,미국,드라마|어드벤처,존 파브로,닐 세티|빌 머레이|스칼렛 요한슨|벤 킹슬리|이드리스 엘바|루비타 뇽,월트디즈니컴퍼니코리아(주),12세이상관람가,1082302,1865243,2298297,2503380,2537438
20163164,본 투 비 블루,97,2015,20160609,장편,미국|캐나다|영국,드라마,로버트 뷔드로,에단 호크,그린나래미디어(주),청소년관람불가,38764,58806,75986,83943,94333
20159645,특별수사: 사형수의 편지,120,2015,20160616,장편,한국,드라마|범죄,권종관,김명민|김상호,(주)넥스트엔터테인먼트월드(NEW),15세이상관람가,764396,1116877,1229978,1241884,1243065
19818004,불의 전차,123,1981,20160616,장편,영국,드라마,휴 허드슨,벤 크로스|이안 찰슨|나이젤 하버스|셰릴 캠벨|앨리스 크리게,(주)프레인글로벌,12세이상관람가,20542,29444,35468,40012,58197
20150782,인디펜던스 데이 : 리써전스,119,2016,20160622,장편,미국,SF|액션|어드벤처,롤랜드 에머리히,빌 풀먼|리암 헴스워스|제프 골드블럼|비비카 A. 폭스|제시 어셔,이십세기폭스코리아(주),12세이상관람가,1170530,1446215,1497557,1500220,1500830
20140704,비밀은 없다,102,2015,20160623,장편,한국,스릴러,이경미,손예진|김주혁,씨제이이앤엠(주),청소년관람불가,236971,247687,249431,250044,250904
20150972,굿바이 싱글,119,2016,20160629,장편,한국,드라마|코미디,김태곤,김혜수|마동석|김현수,(주)쇼박스,15세이상관람가,1242417,1878105,2092148,2108103,2108561
20154906,사냥,92,2016,20160629,장편,한국,액션,이우철,안성기|조진웅|한예리|권율,롯데쇼핑㈜롯데엔터테인먼트,15세이상관람가,609141,644724,645796,645909,645922
20163661,레전드 오브 타잔,109,2016,20160629,장편,미국,어드벤처|액션,데이빗 예이츠,알렉산더 스카스가드|사무엘 L. 잭슨|마고 로비|크리스토프 왈츠,워너브러더스 코리아(주),12세이상관람가,672498,841908,857751,858402,858402
20159058,도리를 찾아서,102,2016,20160706,장편,미국,코미디|애니메이션|어드벤처,앤드류 스탠튼,엘렌 드제네레스|헤이든 롤렌스|알버트 브룩스,월트디즈니컴퍼니코리아(주),전체관람가,1189311,1850801,2147677,2503427,2601761
20159644,봉이 김선달,120,2016,20160706,장편,한국,사극,박대민,유승호|조재현|고창석|라미란|시우민,씨제이이앤엠(주),12세이상관람가,1321839,1918216,2040833,2044438,2051386
20150203,나우 유 씨 미 2,129,2016,20160713,장편,미국,액션|범죄,존 추,제시 아이젠버그|마크 러팔로|우디 해럴슨|데이브 프랭코|리지 캐플란,롯데쇼핑㈜롯데엔터테인먼트,12세이상관람가,2166045,2903146,3090535,3098307,3100113
20163961,데몰리션,100,2016,20160713,장편,미국,드라마,장 마크 발레,제이크 질렌할|나오미 왓츠,(주)리틀빅픽쳐스,청소년관람불가,34591,48628,58029,61563,66549
20165130,나의 산티아고,92,2015,20160714,장편,독일,코미디,줄리아 폰 하인츠,데이비드 스트리에소브|마티나 게덱|카롤리네 슈흐,(주)영화사 진진,12세이상관람가,25970,46607,63805,75919,94722
20156564,부산행,118,2016,20160720,장편,한국,스릴러|액션,연상호,공유|정유미|마동석|김수안|김의성|최우식|안소희,(주)넥스트엔터테인먼트월드(NEW),15세이상관람가,6659075,9256052,10371044,11007627,11567662
20161286,아이스 에이지: 지구 대충돌,94,2016,20160720,장편,미국,코미디|애니메이션|어드벤처,마이크 트메이어,존 레귀자모|레이 로마노|제니퍼 로페즈|애덤 드바인|제시 타일러 퍼거슨|배한성|장광,이십세기폭스코리아(주),전체관람가,339904,533400,550685,552599,553760
20164521,극장판 요괴워치: 염라대왕과 5개의 이야기다냥!,93,2016,20160720,장편,일본,애니메이션,타카하시 시게하루,토마츠 하루카|유우키 아오이|세키 토모카즈|코자쿠라 에츠코,씨제이이앤엠(주),전체관람가,189044,308541,322548,329573,330725
20156250,인천상륙작전,110,2016,20160727,장편,한국,드라마|전쟁,이재한,이정재|이범수|리암 니슨|진세연,씨제이이앤엠(주),12세이상관람가,3903979,5669373,6526011,6847431,7051237
20163189,태풍이 지나가고,117,2016,20160727,장편,일본,드라마,고레에다 히로카즈,아베 히로시|마키 요코|요시자와 타이요|키키 키린,(주)티캐스트,12세이상관람가,35530,58293,75759,82446,93537
20161907,제이슨 본,123,2016,20160727,장편,미국,스릴러|액션,폴 그린그래스,맷 데이먼,유니버설픽쳐스인터내셔널 코리아(유),15세이상관람가,2016091,2466123,2572560,2600532,2611966
20152963,수어사이드 스쿼드,122,2016,20160803,장편,미국,액션,데이비드 에이어,윌 스미스|자레드 레토|마고 로비|카라 델레바인|제이 코트니,워너브러더스 코리아(주),15세이상관람가,1644839,1854646,1892067,1897734,1898220
20156082,마이펫의 이중생활,90,2016,20160803,장편,미국,가족|애니메이션|코미디,크리스 리노드,엄상현|최석필|루이스 C.K.|에릭 스톤스트릿|케빈 하트,유니버설픽쳐스인터내셔널 코리아(유),전체관람가,1275932,1983323,2316106,2457841,2520700
20150979,덕혜옹주,126,2016,20160803,장편,한국,드라마|사극,허진호,손예진|박해일,롯데쇼핑㈜롯데엔터테인먼트,12세이상관람가,2398837,4221620,5025717,5408326,5599995
20162002,명탐정 코난: 순흑의 악몽,111,2016,20160803,장편,일본,어드벤처|애니메이션|미스터리,시즈노 코분,김선혜|강수진|이정구|이현진,씨제이이앤엠(주),12세이상관람가,398209,492775,505196,507689,522344
20150968,국가대표 2,125,2016,20160810,장편,한국,드라마,김종현,수애|오달수|오연서,메가박스중앙(주)플러스엠,12세이상관람가,562630,672629,700926,708550,710166
20154910,터널,126,2016,20160810,장편,한국,드라마,김성훈,하정우|배두나|오달수,(주)쇼박스,12세이상관람가,3763657,5503612,6544954,7021196,7120780
20167041,킹 오브 프리즘,60,2016,20160811,장편,일본,판타지|애니메이션|드라마,히시다 마사카즈,남도형|엄상현|이원찬|카키하라 테츠야|마에노 토모아키|마스다 토시키,(주)박수엔터테인먼트,12세이상관람가,4101,10761,23082,36380,121137
20148460,서울역,92,2016,20160817,장편,한국,애니메이션,연상호,류승룡|심은경|이준,(주)넥스트엔터테인먼트월드(NEW),15세이상관람가,137930,145804,146610,146798,147037
20163043,갤럭시 히어로즈: 라쳇 앤 클랭크,84,2016,20160817,장편,미국,어드벤처|애니메이션|액션,케빈 먼로,제임스 아놀드 테일러|데이빗 케이|짐 워드,(주)영화사 빅,전체관람가,40438,45174,46569,46589,46793
20150567,스타트렉 비욘드,122,2016,20160817,장편,미국,SF|액션,저스틴 린,크리스 파인|재커리 퀸토|칼 어번|조 샐다나|사이먼 페그,롯데쇼핑㈜롯데엔터테인먼트,12세이상관람가,819394,1065748,1139573,1145550,1157472
20165981,파워배틀 와치카 미니카 배틀리그: 불꽃의 질주,73,2016,20160817,장편,한국,애니메이션,이영준,0,(주)삼지애니메이션,전체관람가,24486,32807,34524,34761,35668
20163217,라이트 아웃,80,2015,20160824,장편,미국,공포(호러),데이비드 F. 샌드버그,테레사 팔머|가브리엘 베이트먼,워너브러더스 코리아(주),15세이상관람가,706849,1033868,1094927,1109037,1111284
20166901,플로렌스,110,2016,20160824,장편,영국,드라마,스티븐 프리어스,메릴 스트립|휴 그랜트|사이먼 헬버그,(주)이수C&E,15세이상관람가,114065,135729,137668,138757,139841
20162404,고스트버스터즈,116,2016,20160825,장편,미국,SF|액션|코미디,폴 페이그, 멜리사 맥카시|크리스튼 위그|케이트 맥키넌|레슬리 존스|크리스 헴스워스,유니버설픽쳐스인터내셔널 코리아(유),12세이상관람가,351507,500957,512422,514579,515553
20167261,메카닉: 리크루트,97,2016,20160831,장편,프랑스|미국,스릴러|액션|범죄,데니스 간젤,제이슨 스타뎀|제시카 알바,(주)제이앤씨미디어그룹,15세이상관람가,470847,531198,549837,551796,552006
20167563,이퀄스,101,2015,20160831,장편,미국,SF|드라마,드레이크 도리머스,니콜라스 홀트|크리스틴 스튜어트,씨네그루(주)키다리이엔티,15세이상관람가,65862,68015,68602,68792,68902
20162968,거울나라의 앨리스,112,2015,20160907,장편,미국,판타지|어드벤처|가족,제임스 보빈,조니 뎁|앤 해서웨이|미아 와시코우스카|헬레나 본햄 카터|사챠 바론 코헨,월트디즈니컴퍼니코리아(주),12세이상관람가,272918,467307,510182,511787,513202
20159648,"고산자, 대동여지도",129,2016,20160907,장편,한국,사극,강우석,차승원|유준상,씨제이이앤엠(주),전체관람가,445665,889531,965448,970333,974262
20159646,밀정,139,2016,20160907,장편,미국|한국,액션,김지운,송강호|공유,워너브러더스 코리아(주),15세이상관람가,3226066,6352011,7077367,7390553,7500457
20165941,로빈슨 크루소,89,2016,20160907,장편,벨기에,코미디|애니메이션|어드벤처,빈센트 케스텔루트|벤 스타센,유리 로웬탈|데이비드 하워드|라일라 베르진스|콜린 메츠거|조이 카멘|마리브 헤링턴,(주)영화사 빅,전체관람가,65295,116740,128317,133543,139392
20166721,장난감이 살아있다,91,2013,20160907,장편,스페인|아르헨티나,가족|애니메이션|어드벤처,후안 호세 캄파넬라,니콜라스 홀트|아리아나 그란데|케이티 홈즈|루퍼트 그린트,㈜코리아스크린|와이드 릴리즈(주),전체관람가,79144,132560,140358,141639,143100
20166541,달빛궁궐,80,2016,20160907,장편,한국,어드벤처|애니메이션|판타지,김현주,김서영|이하늬|권율|김슬기,(주)넥스트엔터테인먼트월드(NEW),전체관람가,81230,140058,148325,150461,153273
20167154,드림 쏭,89,2016,20160914,장편,미국,애니메이션,애쉬 브래넌,루크 윌슨|J. K. 시몬스|에디 이자드|엄상현|이장원|이현,(주)이수C&E,전체관람가,173523,206752,224767,229393,234387
20163294,매그니피센트 7,132,2016,20160914,장편,미국,서부극(웨스턴)|액션,안톤 후쿠아,덴젤 워싱턴|크리스 프랫|에단 호크|빈센트 도노프리오|이병헌|마누엘 가르시아 룰포|마틴 센스마이어,유니버설픽쳐스인터내셔널 코리아(유),15세이상관람가,756010,914323,920314,921088,921317
20167839,벤허,123,2016,20160914,장편,미국,드라마|어드벤처,티무르 베크맘베토브,잭 휴스턴|모건 프리먼|토비 켑벨|로드리고 산토로|나자닌 보니아디|할룩 빌기너|요한 필립 애스백,롯데쇼핑㈜롯데엔터테인먼트,12세이상관람가,1003113,1293573,1373578,1394721,1400397
20168401,카페 소사이어티,96,2016,20160914,장편,미국,드라마|멜로/로맨스,우디 앨런,제시 아이젠버그|크리스틴 스튜어트,CGV아트하우스,15세이상관람가,74511,103378,117014,121653,126708
20168885,브리짓 존스의 베이비,122,2016,20160928,장편,미국,멜로/로맨스|코미디,샤론 맥과이어,콜린 퍼스|패트릭 뎀시|르네 젤위거,유니버설픽쳐스인터내셔널 코리아(유),15세이상관람가,463038,692909,781019,811419,820995
20168891,설리: 허드슨강의 기적,95,2016,20160928,장편,미국,드라마,클린트 이스트우드,톰 행크스,워너브러더스 코리아(주),12세이상관람가,418062,580281,616113,622757,627424
20164501,미스 페레그린과 이상한 아이들의 집,126,2016,20160928,장편,영국|미국|벨기에,판타지|미스터리,팀 버튼,에바 그린|에이사 버터필드|엘라 퍼넬,이십세기폭스코리아(주),12세이상관람가,1253955,2184784,2544470,2686518,2718158
20153443,아수라,132,2016,20160928,장편,한국,액션|범죄,김성수,정우성|황정민|주지훈,씨제이이앤엠(주),청소년관람불가,2218912,2543479,2587398,2591519,2594695
20160143,피터와 드래곤,102,2016,20160928,장편,미국,판타지|어드벤처|가족,데이빗 로워리,브라이스 달라스 하워드|오크스 페글리|로버트 레드포드|칼 어번|웨스 벤틀리|우나 로렌스,월트디즈니컴퍼니코리아(주),전체관람가,69358,90058,101247,107331,109137
20168361,바다 탐험대 옥토넛 시즌4: 늪지탐험선K,57,2016,20160928,장편,영국,애니메이션,다라 오코넬,하성용|정재헌|엄상현|윤승희|김정은|유동균|김율|한경화,와이드 릴리즈(주),전체관람가,42047,55207,61621,66282,69918
20164094,립반윙클의 신부,119,2016,20160928,장편,일본,멜로/로맨스|드라마,이와이 슌지,쿠로키 하루|아야노 고|코코,TCO(주)더콘텐츠온|주식회사 더쿱,15세이상관람가,13498,17681,18548,19050,19413
20169764,백설공주 : 사라진 아빠를 찾아서,75,2015,20160929,장편,중국,가족|애니메이션,벤 차오,박상훈|이제인|사문영|장병관|이승준,예지림엔터테인먼트,전체관람가,43293,51890,53337,54383,55425
20167481,맨 인 더 다크,88,2016,20161005,장편,미국,스릴러,페드 알바레즈,제인 레비|딜런 미넷,유니버설픽쳐스인터내셔널 코리아(유),청소년관람불가,708515,933246,997082,1002844,1003406
20168822,디시에르토,89,2015,20161005,장편,프랑스|멕시코,스릴러|드라마,조나스 쿠아론,가엘 가르시아 베르날|제프리 딘 모건,(주)제이앤씨미디어그룹,15세이상관람가,13227,13634,13648,13673,13812
20161589,죽여주는 여자,110,2016,20161006,장편,한국,드라마,이재용,윤여정,CGV아트하우스,청소년관람불가,71232,95019,107792,114228,121452
20153444,럭키,112,2015,20161013,장편,한국,코미디,이계벽,유해진|이준|조윤희|임지연,(주)쇼박스,15세이상관람가,2879406,4925286,5933079,6559277,6975631
20163041,자백,106,2016,20161013,장편,한국,다큐멘터리,최승호,최승호|김기춘|원세훈,(주)엣나인필름,15세이상관람가,75292,100800,115269,123962,144372
20169028,토마스와 친구들: 용감한 기관차와 괴물소동,60,2016,20161013,장편,영국,애니메이션,롭 실베스트리,마크 모라한|벤 스몰,와이드 릴리즈(주),전체관람가,18345,23807,25870,26325,27352
20156007,인페르노,121,2016,20161019,장편,헝가리|미국|일본|터키,스릴러|미스터리,론 하워드,톰 행크스|펠리시티 존스,유니버설픽쳐스인터내셔널 코리아(유),15세이상관람가,557906,651924,682444,688145,689071
20151022,걷기왕,92,2016,20161020,장편,한국,드라마,백승화,심은경|박주희,CGV아트하우스,12세이상관람가,75646,87191,90239,92626,95542
20162545,"무현, 두 도시 이야기",95,2016,20161026,장편,한국,다큐멘터리,전인환,노무현|김원명|김하연|백승영|조덕희|박영희|장철영,(주)모멘텀엔터테인먼트,15세이상관람가,29866,90303,136728,162463,193786
20163181,닥터 스트레인지,114,2015,20161026,장편,미국,판타지|액션|어드벤처,스콧 데릭슨,베네딕트 컴버배치|레이첼 맥아담스|틸다 스윈튼|매즈 미켈슨|치웨텔 에지오포,월트디즈니컴퍼니코리아(주),12세이상관람가,2842766,4208813,4956764,5259664,5447269
20160781,쿠보와 전설의 악기,102,2016,20161026,장편,미국,판타지|애니메이션|어드벤처|가족,트래비스 나이트,아트 파킨슨|매튜 맥커너히|랄프 파인즈|루니 마라|샤를리즈 테론,유니버설픽쳐스인터내셔널 코리아(유),전체관람가,18203,26639,30017,30499,30525
20160862,선생님의 일기,109,2014,20161102,장편,태국,드라마|멜로/로맨스,니티왓 다라톤,비 스크릿 위셋케우|레일라 분야삭,(주)드림팩트엔터테인먼트|(주)미로스페이스,12세이상관람가,61617,70281,71020,71120,72156
20161796,극장판 파워레인저: 닌자포스 VS 트레인포스 닌자 인 원더랜드,60,2016,20161103,장편,일본,액션,나카자와 쇼지로,김혜성|안용욱|이경태|류점희|이새아|김현욱|심규혁|이인석|강시현|홍진욱|김서영|서원석|니시카와 슌스케|마츠모토 가쿠|나카무라 카이토|야노 유카|야마야 카스미|타와다 히데야|시손 쥰|히라마키 진|코지마 리리아|요코하마 류세이|모리타카 아이|나가하마 신,(주)넥스트엔터테인먼트월드(NEW),전체관람가,44738,61551,63823,64351,64729
20161527,로스트 인 더스트,101,2016,20161103,장편,미국,드라마|범죄,데이빗 맥킨지,크리스 파인|벤 포스터|제프 브리지스,메가박스중앙(주)플러스엠,15세이상관람가,67572,77985,79729,80636,81966
20162609,인어공주 : 새로운 모험의 시작,77,2015,20161103,장편,중국,애니메이션,아담 추,김경희|김연우|윤세웅|홍진욱,예지림엔터테인먼트,전체관람가,25261,30298,31540,32175,32624
20163521,스플릿,121,2016,20161109,장편,한국,드라마,최국희,제임스 맥어보이,오퍼스픽쳐스(유),15세이상관람가,553151,716204,755932,757413,758195
20162147,세상에서 고양이가 사라진다면,102,2015,20161109,장편,일본,드라마,나가이 아키라,사토 타케루|미야자키 아오이,(주)크리픽쳐스,12세이상관람가,59941,68422,69558,70140,70424
20162504,감바의 대모험,93,2015,20161110,장편,일본,어드벤처|애니메이션,코모리 요시히로|카와무라 토모히로,카지 유키,(주)영화사 빅,전체관람가,64614,95276,111214,116104,117591
20169730,당신자신과 당신의 것,86,2016,20161110,장편,한국,드라마,홍상수,김주혁|이유영,(주)영화제작전원사 |(주)콘텐츠판다,청소년관람불가,12250,15691,17296,17634,18171
20162365,신비한 동물사전,132,2016,20161116,장편,영국|미국,판타지|어드벤처|가족,데이빗 예이츠,에디 레드메인|캐서린 워터스톤|앨리슨 수돌|에즈라 밀러|주드 로|조니 뎁|칼럼 터너,워너브러더스 코리아(주),12세이상관람가,2379264,3703028,4305039,4520586,4667179
20154905,가려진 시간,129,2016,20161116,장편,한국,판타지|드라마,엄태화,강동원|신은수|이효제,(주)쇼박스,12세이상관람가,434830,504146,507923,509030,511369
20162629,하이큐!! 끝과 시작,88,2015,20161116,장편,일본,애니메이션,미츠나카 스스무,양정화|심규혁|신용우|구자형|류승곤|김영선|이경태|무라세 아유무|이시카와 카이토|히노 사토시|이리노 미유|하야시 이사무,(주)팝엔터테인먼트,12세이상관람가,51638,66779,73046,75055,100030
20161603,순종,88,2016,20161117,장편,한국,다큐멘터리,이주훈|김동민,김은혜|한성국|김영화,(주)영화사 안다미로|(재)CBS,전체관람가,23484,35851,42555,47849,58644
20159286,연애담,98,2016,20161117,장편,한국,멜로/로맨스,이현주,이상희|류아벨,(주)인디플러그,청소년관람불가,10377,16504,19470,20911,24102
20154661,형,109,2016,20161123,장편,한국,드라마|코미디,권수경,조정석|디오|박신혜,씨제이이앤엠(주),12세이상관람가,1461481,2372436,2781521,2965327,2982514
20163824,미스 사이공 : 25주년 특별 공연,175,2016,20161124,장편,미국,공연,브렛 설리반,알리스태어 브래머|에바 노블자다|홍광호|존 존 브라이언스,유니버설픽쳐스인터내셔널 코리아(유),15세이상관람가,25776,37103,40668,43428,48931
20163903,리틀메딕: 몸속탐험대,78,2014,20161124,장편,독일,가족|애니메이션,피터 클라릿지,세바스티안 피츠너|아네트 포템파|한스-위르겐 디트베르너,(주)팝엔터테인먼트,전체관람가,36922,64501,66241,66562,66562
20162787,테일 오브 테일즈,133,2015,20161124,장편,프랑스|이탈리아,판타지,마테오 가로네,셀마 헤이엑|뱅상 카셀|스테이시 마틴|토비 존스|존 C. 라일리,오드,청소년관람불가,19917,26319,29107,29823,30328
20167628,캡틴 판타스틱,119,2016,20161130,장편,미국,드라마,매트 로스,비고 모텐슨|조지 맥케이|사만다 아일러|애너리즈 바쏘|니콜라스 해밀턴|쉬리 크룩스|찰리 쇼트웰,주식회사 더쿱,15세이상관람가,11322,13727,14169,14247,15261
20167904,라라랜드,127,2016,20161207,장편,미국,멜로/로맨스|드라마|뮤지컬,데이미언 셔젤,라이언 고슬링|엠마 스톤,판씨네마(주),12세이상관람가,794179,1509356,2136290,2584959,3656033
20144641,판도라,135,2016,20161207,장편,한국,스릴러|드라마,박정우,김남길|김영애|문정희|정진영,(주)넥스트엔터테인먼트월드(NEW),12세이상관람가,1947524,3443787,4106836,4480127,4585116
20163884,아기배달부 스토크,86,2016,20161207,장편,미국,애니메이션,더그 스윗랜드|니콜라스 스톨러,앤디 샘버그|케이티 크라운,워너브러더스 코리아(주),전체관람가,189309,300307,321761,322882,323730
20161763,"나, 다니엘 블레이크",100,2016,20161208,장편,영국,드라마,켄 로치,데이브 존스|헤일리 스콰이어,(주)영화사 진진,12세이상관람가,21061,35996,49498,62453,98966
20157064,커튼콜,94,2016,20161208,장편,한국,코미디,류훈,장현성|박철민|전무송,(주)모멘텀엔터테인먼트,15세이상관람가,5166,5385,5463,5513,5526
20163856,호비와 동화나라 대모험,60,2016,20161208,장편,일본,애니메이션,히라바야시 이사무,미나미 오미|타카하시 미키,(주)머스트씨무비릴리징컴퍼니,전체관람가,10608,14150,15565,15641,16660
20152371,"당신, 거기 있어줄래요",110,2016,20161214,장편,한국,드라마|판타지,홍지영,김윤석|변요한|채서진,롯데쇼핑㈜롯데엔터테인먼트,12세이상관람가,784933,1067441,1163531,1168554,1168782
20161725,마스터,142,2016,20161221,장편,한국,범죄|액션,조의석,이병헌|강동원|김우빈,씨제이이앤엠(주),15세이상관람가,3835983,5863263,6700728,7110151,7150586
20162025,씽,107,2016,20161221,장편,미국,뮤지컬|애니메이션,가스 제닝스,매튜 맥커너히|리즈 위더스푼|스칼렛 요한슨|태런 에저튼|토리 켈리|세스 맥팔레인,유니버설픽쳐스인터내셔널 코리아(유),전체관람가,751104,1363991,1654744,1722331,1730773
20162183,포켓몬 더 무비 XY&Z 「볼케니온 : 기계왕국의 비밀」,94,2016,20161222,장편,일본,가족|애니메이션|어드벤처|판타지,유야마 쿠니히코,마츠모토 리카|오오타니 이쿠에,(주)이수C&E,전체관람가,181460,261862,279192,281752,282565
20160221,에곤 쉴레: 욕망이 그린 그림,109,2016,20161222,장편,룩셈부르크|오스트리아 ,드라마,디에터 버너,노아 자베드라,(주)티캐스트,청소년관람불가,19656,30664,39173,43231,49654
20163183,로그 원: 스타워즈 스토리,133,2016,20161228,장편,미국,SF|액션|어드벤처|판타지,가렛 에드워즈,펠리시티 존스|디에고 루나,월트디즈니컴퍼니코리아 유한책임회사,12세이상관람가,872442,1002832,1015768,1017127,1019309
20162727,루돌프와 많이있어,88,2016,20161228,장편,일본,애니메이션,사카키바라 모토노리|유야마 쿠니히코,김율|신용우,씨제이이앤엠(주),전체관람가,165970,210755,213007,214518,216036
20165543,하이큐!! 승자와 패자,87,2016,20161228,장편,일본,애니메이션,미츠나카 스스무,심규혁|양정화|성완경|구자형|류승곤|무라세 아유무|이시카와 카이토|히노 사토시|이리노 미유|하야시 이사무,(주)이수C&E|(주)팝엔터테인먼트,12세이상관람가,25528,32468,36024,37201,53373
20161872,너의 이름은.,106,2016,20170104,장편,일본,멜로/로맨스|애니메이션|드라마,신카이 마코토,카미키 류노스케|카미시라이시 모네,메가박스중앙(주)플러스엠,12세이상관람가,1628373,2738308,3173228,3472356,3727716
20165153,눈의 여왕 3: 눈과 불의 마법대결,89,2016,20170104,장편,러시아,판타지|애니메이션|어드벤처|가족,알렉세이 트시칠린,박지윤|엄상현|남도형|이재범|박상훈,(주)이수C&E,전체관람가,296708,356670,365077,366908,368195
20150966,사랑하기 때문에,110,2016,20170104,장편,한국,멜로/로맨스|코미디,주지홍,차태현|서현진|김유정,(주)넥스트엔터테인먼트월드(NEW),12세이상관람가,295877,338797,339869,340528,340936
20151181,여교사,96,2015,20170104,장편,한국,드라마,김태용,김하늘|유인영|이원근,필라멘트픽쳐스,청소년관람불가,105081,113067,114703,116630,118621
20168381,얼라이드,123,2017,20170111,장편,미국,멜로/로맨스|스릴러|드라마,로버트 저메키스,브래드 피트|마리옹 꼬띠아르|리지 캐플란,롯데쇼핑㈜롯데엔터테인먼트,15세이상관람가,418161,477967,511137,518186,520448
20165443,모아나,113,2016,20170112,장편,미국,애니메이션,존 머스커|론 클레멘츠,드웨인 존슨|아우이 크라발호,월트디즈니컴퍼니코리아 유한책임회사,전체관람가,915567,1430333,1974565,2190342,2311019
20163014,7년-그들이 없는 언론,110,2016,20170112,장편,한국,다큐멘터리,김진혁,0,(주)인디플러그,12세이상관람가,12486,15560,16251,16495,17560
20151228,공조,125,2016,20170118,장편,한국,액션,김성훈,현빈|유해진|김주혁,씨제이이앤엠(주),15세이상관람가,1621572,5049695,6627878,7437836,7817654
20163845,터닝메카드W: 블랙미러의 부활,72,2016,20170118,장편,한국,애니메이션,홍헌표|김석원,소연|윤아영|신용우|장광|강호철|안영미|윤미나,씨네그루(주)키다리이엔티,전체관람가,303598,402912,425108,428663,430013
20151229,더 킹,134,2016,20170118,장편,한국,드라마|범죄,한재림,조인성|정우성|배성우|김아중|류준열,(주)넥스트엔터테인먼트월드(NEW),15세이상관람가,2372889,4502943,5132099,5307111,5318007
20163186,단지 세상의 끝,99,2016,20170118,장편,프랑스|캐나다,드라마,자비에 돌란,가스파르 울리엘|마리옹 꼬띠아르|레아 세두|뱅상 카셀|나탈리 베이,(주)엣나인필름,15세이상관람가,18011,24954,28697,29896,31604
20165822,매기스 플랜,98,2015,20170125,장편,미국,멜로/로맨스|코미디,레베카 밀러,그레타 거윅|에단 호크|줄리안 무어,오드,15세이상관람가,25745,37757,42593,44594,47855
20167324,라이언,118,2016,20170201,장편,미국|호주|영국,드라마,가스 데이비스,데브 파텔|루니 마라|데이비드 웬햄|니콜 키드먼,(주)이수C&E,12세이상관람가,76088,96220,101582,103428,104439
20154342,뚜르: 내 생애 최고의 49일,96,2016,20170201,장편,한국,다큐멘터리,김양래|전일우|임정하|박형준,이윤혁,(주)리틀빅픽쳐스,12세이상관람가,23777,26373,27153,27432,27908
20179281,컨택트,116,2016,20170202,장편,미국,스릴러|SF|드라마,드니 빌뇌브,에이미 아담스|제레미 레너|포레스트 휘태커,유니버설픽쳐스인터내셔널 코리아(유),12세이상관람가,474040,594826,620103,630112,634150
20161141,50가지 그림자: 심연,118,2017,20170209,장편,미국,멜로/로맨스|드라마,제임스 폴리,제이미 도넌|다코타 존슨,유니버설픽쳐스인터내셔널 코리아(유),청소년관람불가,156963,183069,188756,189366,189620
20150964,조작된 도시,126,2016,20170209,장편,한국,액션|범죄,박광현,지창욱|심은경|안재홍,씨제이이앤엠(주),15세이상관람가,1511076,2189513,2462566,2501791,2515590
20167644,발레리나,89,2016,20170209,장편,캐나다|프랑스,뮤지컬|애니메이션|어드벤처|가족,에릭 와린|에릭 섬머,엘르 패닝|데인 드한,판씨네마(주),전체관람가,125537,173766,196491,200153,203293
20162873,레고 배트맨 무비,104,2017,20170209,장편,미국,코미디|애니메이션|액션,크리스 맥케이,윌 아넷|랄프 파인즈|로사리오 도슨|마이클 세라|자흐 갈리피아나키스|머라이어 캐리,워너브러더스 코리아(주),전체관람가,124397,142496,148038,148364,148760
20163580,그레이트 월,103,2016,20170215,장편,중국|미국,액션|판타지,장예모,맷 데이먼|경첨|페드로 파스칼|윌렘 데포|유덕화,유니버설픽쳐스인터내셔널 코리아(유),12세이상관람가,444800,496957,497948,499858,501486
20166421,재심,118,2016,20170215,장편,한국,드라마,김태윤,정우|강하늘|김해숙,오퍼스픽쳐스(유)|CGV아트하우스,15세이상관람가,1370817,2111160,2309782,2403818,2421197
20161744,트롤,92,2016,20170216,장편,미국,애니메이션,월트 도른|마이크 미첼,이성경|박형식|김하영|엄상현|전숙경|장광|이현|김명준|김도영,씨제이이앤엠(주),전체관람가,334536,594622,645811,670783,675966
20167906,마이펫 오지,89,2016,20170216,장편,캐나다|스페인,어드벤처|애니메이션,알베르토 로드리게즈,남도형|정은지|김현욱|이재범|기예르모 로메로|미첼 제너|다니 로비라|호세 모타,롯데쇼핑㈜롯데엔터테인먼트,전체관람가,91955,120118,122430,123693,124318
20170241,23 아이덴티티,117,2016,20170222,장편,미국,스릴러,M. 나이트 샤말란,제임스 맥어보이,유니버설픽쳐스인터내셔널 코리아(유),15세이상관람가,1316094,1573959,1666736,1675719,1676011
20166101,존 윅 - 리로드,122,2017,20170222,장편,미국,스릴러|액션|범죄,채드 스타헬스키,키아누 리브스,(주)제이앤씨미디어그룹,청소년관람불가,220625,257445,269907,272668,277414
20165927,문라이트,110,2016,20170222,장편,미국,드라마,배리 젠킨스,알렉스 R. 히버트|애쉬튼 샌더스|트레반트 로즈,CGV아트하우스,15세이상관람가,71031,119917,149377,164343,179308
20167922,핵소 고지,138,2016,20170222,장편,호주|미국,전쟁|드라마,멜 깁슨,앤드류 가필드,판씨네마(주),15세이상관람가,152375,168535,174222,175197,177900
20161723,싱글라이더,97,2016,20170222,장편,한국,드라마,이주영,이병헌|공효진|안소희,워너브러더스 코리아(주),15세이상관람가,320079,346258,350715,351016,351276
20170509,극장판 소드 아트 온라인 -오디널 스케일-,121,2017,20170223,장편,일본,액션|애니메이션|SF,이토 토모히코,마츠오카 요시츠구|토마츠 하루카,(주)박수엔터테인먼트,12세이상관람가,75097,94173,105509,111198,120921
20166468,사일런스,160,2016,20170228,장편,멕시코|미국|대만,드라마,마틴 스코세이지,앤드류 가필드|아담 드라이버|리암 니슨,씨네그루(주)키다리이엔티,15세이상관람가,61237,80368,87624,90559,95156
20161827,로건,137,2017,20170301,장편,미국,SF|액션,제임스 맨골드,휴 잭맨,이십세기폭스코리아(주),청소년관람불가,1312794,1899313,2131969,2162839,2173686
20158799,눈길,121,2015,20170301,장편,한국,드라마,이나정,김영옥|김향기|김새론,(주)엣나인필름|CGV아트하우스,15세이상관람가,104626,124326,127069,128723,130500
20150971,해빙,117,2017,20170301,장편,한국,스릴러,이수연,조진웅|신구|김대명,롯데쇼핑㈜롯데엔터테인먼트,15세이상관람가,1006919,1175424,1203180,1203595,1204600
20168183,콩: 스컬 아일랜드,118,2017,20170308,장편,미국,판타지|액션|어드벤처,조던 복트-로버츠,톰 히들스턴|사무엘 L. 잭슨|존 굿맨|브리 라슨,워너브러더스 코리아(주),12세이상관람가,1195510,1609890,1683146,1689700,1689717
20168750,파도가 지나간 자리,132,2016,20170308,장편,영국|미국|뉴질랜드,멜로/로맨스|드라마,데릭 시엔프랜스,마이클 패스벤더|알리시아 비칸데르|레이첼 와이즈,CGV아트하우스,15세이상관람가,55475,74284,79696,81898,82736
20170761,걸 온 더 트레인,112,2016,20170309,장편,미국,미스터리|드라마|스릴러,테이트 테일러,에밀리 블런트,씨제이이앤엠(주),청소년관람불가,27148,27455,27990,28690,29190
20164721,미녀와 야수,129,2017,20170316,장편,미국,뮤지컬|멜로/로맨스|판타지,빌 콘돈,엠마 왓슨|댄 스티븐스|루크 에반스,월트디즈니컴퍼니코리아 유한책임회사,전체관람가,2075794,3445348,4274946,4711186,5138328
20170221,골드,120,2016,20170322,장편,미국,어드벤처|드라마,스티븐 개건,매튜 맥커너히,CGV아트하우스,15세이상관람가,23431,25137,25172,25281,25659
20167363,히든 피겨스,126,2016,20170323,장편,미국,드라마,데오도르 멜피,타라지 P. 헨슨|옥타비아 스펜서|자넬 모네,이십세기폭스코리아(주),12세이상관람가,208809,323574,384246,415406,449518
20162181,프리즌,124,2016,20170323,장편,한국,액션|범죄,나현,한석규|김래원,(주)쇼박스,청소년관람불가,1700909,2425884,2771331,2891150,2931897
20167902,보통사람,121,2017,20170323,장편,한국,드라마,김봉한,손현주|장혁,오퍼스픽쳐스(유),15세이상관람가,329602,379760,383048,383335,383336
20179442,밤의 해변에서 혼자,100,2016,20170323,장편,한국,드라마,홍상수,김민희,(주)영화제작전원사 |(주)콘텐츠판다,청소년관람불가,32664,45615,50611,53240,57110
20171801,극장판 암살교실 : 365일의 시간,92,2017,20170323,장편,일본,애니메이션,키시 세이지,후쿠야마 쥰|스기타 토모카즈,(주)박수엔터테인먼트,12세이상관람가,20027,26083,27758,28236,28364
20151230,원라인,131,2016,20170329,장편,한국,범죄,양경모,임시완|진구|박병은,(주)넥스트엔터테인먼트월드(NEW),15세이상관람가,351725,426026,433118,434338,435142
20167364,미스 슬로운,132,2016,20170329,장편,프랑스|미국,스릴러|드라마,존 매든,제시카 차스테인,(주)메인타이틀픽쳐스,15세이상관람가,28451,38306,44123,46615,48051
20164926,분노,141,2016,20170330,장편,일본,스릴러,이상일,와타나베 켄|모리야마 미라이|마츠야마 켄이치|아야노 고|히로세 스즈|미야자키 아오이|츠마부키 사토시,메가박스중앙(주)플러스엠,청소년관람불가,14034,20857,25955,27436,29426
20167901,어느날,113,2017,20170405,장편,한국,멜로/로맨스,이윤기,김남길|천우희,오퍼스픽쳐스(유)|CGV아트하우스,15세이상관람가,198408,229413,233838,234645,234829
20171381,라이프,103,2017,20170405,장편,미국,스릴러|SF,다니엘 에스피노사,제이크 질렌할|레베카 퍼거슨|라이언 레이놀즈,소니픽쳐스엔터테인먼트코리아주식회사극장배급지점,15세이상관람가,387291,451098,459261,459880,459984
20151227,아빠는 딸,114,2016,20170412,장편,한국,코미디,김형협,윤제문|정소민,메가박스중앙(주)플러스엠,12세이상관람가,357625,589470,643875,646097,647305
20167542,분노의 질주: 더 익스트림,136,2017,20170412,장편,캐나다|미국|일본|프랑스,스릴러|액션|범죄,F. 게리 그레이,빈 디젤|드웨인 존슨|제이슨 스타뎀|샤를리즈 테론,유니버설픽쳐스인터내셔널 코리아(유),15세이상관람가,1794978,2798060,3424763,3624850,3659516
20173690,흑집사 북 오브 더 아틀란틱,100,2017,20170413,장편,일본,액션|애니메이션|판타지|드라마,아베 노리유키,오노 다이스케|사카모토 마야,(주)박수엔터테인먼트,15세이상관람가,17894,27208,33167,36013,38321
20170741,지니어스,103,2016,20170413,장편,미국|영국,드라마,마이클 그랜다지,콜린 퍼스|주드 로|니콜 키드먼,(주)라이크 콘텐츠,12세이상관람가,19924,24351,26044,26647,27224
20173601,리틀 프린세스 소피아: 엘레나와 비밀의 아발로 왕국,63,2016,20170413,장편,미국,뮤지컬|애니메이션|어드벤처|가족|판타지,제이미 미첼,아리엘 윈터|아미 카레로|김미랑|이재현,월트디즈니컴퍼니코리아 유한책임회사,전체관람가,18896,36563,43901,45328,45484
20172541,오두막,132,2017,20170420,장편,미국,드라마,스튜어트 하젤딘,샘 워싱턴|옥타비아 스펜서|팀 맥그로우,판씨네마(주),12세이상관람가,44456,54346,59433,64290,77699
20174561,더 플랜,102,2017,20170420,장편,한국,다큐멘터리,최진성,김어준|김재광|헨리 E. 브래디|필립 B. 스타크|데이비드 D. 딜|베브 해리스|클린트 커티스|존 C. 보니파즈,(주)엣나인필름,15세이상관람가,25199,31930,33925,34122,34225
20172125,파운더,115,2016,20170420,장편,미국,드라마,존 리 행콕,마이클 키튼,CGV아트하우스,15세이상관람가,26370,32747,34153,34435,34593
20172641,마리안느와 마가렛,77,2017,20170420,장편,한국,다큐멘터리,윤세영,마리안느 스퇴거|마가렛 피사렉,(주)팝엔터테인먼트,전체관람가,14408,21225,22976,25993,29233
20161726,임금님의 사건수첩,114,2016,20170426,장편,한국,액션|코미디|어드벤처,문현성,이선균|안재홍,씨제이이앤엠(주),12세이상관람가,1111569,1569479,1626857,1632364,1635003
20173301,"서서평, 천천히 평온하게",78,2017,20170426,장편,한국,다큐멘터리,홍현정|홍주연,하정우|윤안나|안은새,커넥트픽쳐스(주),전체관람가,55887,78308,90200,95757,123958
20162871,특별시민,130,2017,20170426,장편,한국,드라마,박인제,최민식|곽도원|심은경,(주)쇼박스,15세이상관람가,1208488,1351694,1359721,1360335,1362634
20164829,나는 부정한다,109,2016,20170426,장편,미국|영국,드라마,믹 잭슨,레이첼 와이즈|톰 윌킨슨|티모시 스폴,(주)티캐스트,12세이상관람가,17166,24089,26699,28858,31673
20174165,극장판 또봇: 로봇군단의 습격,81,2017,20170427,장편,한국,애니메이션,이달|고동우,하룡이|신경선|이현,씨제이이앤엠(주),전체관람가,97298,134860,140790,141334,141865
20175142,극장판 쿠로코의 농구 라스트 게임,91,2017,20170427,장편,일본,애니메이션,타다 슌스케,오노 켄쇼|오노 유키|카미야 히로시|스와베 쥰이치|오노 다이스케|키무라 료헤이,(주)박수엔터테인먼트,12세이상관람가,26102,38924,47335,52072,63536
20161665,스머프: 비밀의 숲,89,2017,20170428,장편,미국,가족|애니메이션,캘리 애스버리,맨디 파틴킨|데미 로바토|레인 윌슨|조 맹가니엘로|잭 맥브레이어,소니픽쳐스엔터테인먼트코리아주식회사극장배급지점,전체관람가,349854,407546,422499,425078,427764
20162722,보안관,115,2016,20170503,장편,한국,코미디|범죄,김형주,이성민|조진웅|김성균,롯데쇼핑㈜롯데엔터테인먼트,15세이상관람가,1716624,2351249,2549414,2582676,2588628
20174061,보스 베이비,97,2017,20170503,장편,미국,가족|애니메이션|코미디,톰 맥그라스,알렉 볼드윈|스티브 부세미|토비 맥과이어|마일즈 크리스토퍼 바크시|이현|이장원|문서윤,씨제이이앤엠(주),전체관람가,1545854,2001401,2236518,2351036,2452245
20163603,가디언즈 오브 갤럭시 VOL. 2,135,2017,20170503,장편,미국,SF|액션,제임스 건,크리스 프랫|조 샐다나,월트디즈니컴퍼니코리아 유한책임회사,12세이상관람가,2055994,2516532,2696205,2729963,2736060
20173061,슈퍼 빼꼼: 스파이 대작전,76,2017,20170503,장편,한국,코미디|애니메이션,임아론,김태균|최정현,메가박스중앙(주)플러스엠,전체관람가,87040,93644,96597,98572,99752
20163185,언노운 걸,106,2016,20170503,장편,프랑스|벨기에,드라마,뤽 다르덴|장 피에르 다르덴,아델 아에넬,오드,12세이상관람가,15620,20750,23548,24321,25243
20156708,석조저택 살인사건,108,2017,20170509,장편,한국,스릴러,정식|김휘,고수|김주혁|문성근|박성웅,씨네그루(주)키다리이엔티,15세이상관람가,328584,349072,350599,350787,353517
20179382,에이리언: 커버넌트,121,2017,20170509,장편,뉴질랜드|미국|호주,스릴러|SF,리들리 스콧,마이클 패스벤더|캐서린 워터스톤,이십세기폭스코리아(주),15세이상관람가,1063197,1272178,1301602,1304484,1307226
20170321,목소리의 형태,129,2016,20170509,장편,일본,멜로/로맨스|애니메이션,야마다 나오코,이리노 미유|하야미 사오리,(주)디스테이션,전체관람가,221363,263070,273533,275402,276463
20175262,겟 아웃,103,2017,20170517,장편,미국,드라마|공포(호러)|미스터리|스릴러,조던 필,다니엘 칼루유야|앨리슨 윌리엄스|브래드리 휘트포드|캐서린 키너,유니버설픽쳐스인터내셔널 코리아(유),15세이상관람가,1261443,1838593,2079924,2113587,2139452
20164844,불한당: 나쁜 놈들의 세상,119,2016,20170517,장편,한국,드라마|범죄|액션,변성현,설경구|임시완,씨제이이앤엠(주),청소년관람불가,712525,890777,914990,921225,963114
20173961,킹 아서: 제왕의 검,126,2017,20170517,장편,미국|영국|호주,어드벤처|판타지|액션,가이 리치,찰리 허냄|주드 로,워너브러더스 코리아(주),12세이상관람가,383668,414832,415605,415714,415714
20174721,로스트 인 파리,82,2016,20170518,장편,벨기에|프랑스,어드벤처|멜로/로맨스,피오나 고든|도미니크 아벨,도미니크 아벨|피오나 고든,그린나래미디어(주),12세이상관람가,13460,18357,21866,24237,27256
20170982,캐리비안의 해적: 죽은 자는 말이 없다,128,2017,20170524,장편,미국,코미디|액션|어드벤처|판타지,요아킴 뢰닝|에스펜 샌버그,조니 뎁|하비에르 바르뎀|제프리 러쉬|브렌튼 스웨이츠|카야 스코델라리오,월트디즈니컴퍼니코리아 유한책임회사,12세이상관람가,1865118,2712372,2924611,3028200,3049894
20174602,노무현입니다,109,2017,20170525,장편,한국,다큐멘터리,이창재,노무현,CGV아트하우스|영화사 풀,12세이상관람가,873954,1430543,1638808,1761700,1855515
20173642,너와 100번째 사랑,116,2017,20170525,장편,일본,멜로/로맨스|드라마,츠키카와 쇼,사카구치 켄타로|미와,(주)디스테이션,12세이상관람가,43239,71224,78011,80110,80839
20169348,대립군,129,2017,20170531,장편,한국,사극|드라마,정윤철,이정재|여진구|김무열,이십세기폭스코리아(주),15세이상관람가,746802,809219,832111,835564,837500
20168261,원더 우먼,140,2017,20170531,장편,미국,SF|액션|어드벤처|판타지,팻티 젠킨스,갤 가돗|크리스 파인,워너브러더스 코리아(주),12세이상관람가,1587714,1933648,2114239,2151021,2165401
20160483,꿈의 제인,104,2016,20170531,장편,한국,드라마,조현훈,이민지|구교환|이주영,(주)엣나인필름|CGV아트하우스,청소년관람불가,12652,16722,19682,21961,25110
20176141,베이블레이드 버스트 갓 : 갓 발키리의 탄생,78,2017,20170601,장편,일본,애니메이션,야마구치 켄타로,김현지|한신,씨제이이앤엠(주),전체관람가,83760,103729,108644,109190,109358
20174821,바다 탐험대 옥토넛 시즌4: 더 파이널,57,2017,20170601,장편,영국,어드벤처|애니메이션,다라 오코넬,하성용|정재헌|엄상현|윤승희|김정은|유동균|김율|한경화,와이드 릴리즈(주),전체관람가,46304,63305,69592,73282,73797
20175581,파워배틀 와치카: 와치가면의 역습,73,2017,20170601,장편,한국,애니메이션,김래경|이영준,엄상현|전태열|정혜원|정영웅,(주)삼지애니메이션,전체관람가,19701,22350,22805,23290,23675
20166488,미이라,110,2017,20170606,장편,미국,판타지|액션|어드벤처,알렉스 커츠먼,톰 크루즈|소피아 부텔라|애나벨 월리스,유니버설픽쳐스인터내셔널 코리아(유),15세이상관람가,2580157,3346629,3604768,3673396,3689325
20162343,악녀,123,2017,20170608,장편,한국,액션,정병길,김옥빈|신하균|성준|김서형|조은지,(주)넥스트엔터테인먼트월드(NEW),청소년관람불가,679877,1032037,1173053,1201673,1208081
20168041,용순,104,2017,20170608,장편,한국,드라마,신준,이수경|최덕문,롯데쇼핑㈜롯데엔터테인먼트,15세이상관람가,9141,11116,12053,12475,13411
20173833,심야식당 2,107,2016,20170608,장편,일본,드라마,마츠오카 조지,코바야시 카오루,(주)디스테이션,12세이상관람가,32348,41678,45473,46381,46700
20176983,킹 오브 프리즘 프라이드 더 히어로,70,2017,20170610,장편,일본,애니메이션,히시다 마사카즈,남도형|엄상현|이원찬|카키하라 테츠야|마에노 토모아키|마스다 토시키,동우에이앤이(주)|(주)박수엔터테인먼트,15세이상관람가,21002,31149,39612,47664,128847
20166384,하루,90,2017,20170615,장편,한국,스릴러,조선호,김명민|변요한,CGV아트하우스,15세이상관람가,762651,1076472,1125069,1129127,1129609
20175662,엘르,130,2016,20170615,장편,벨기에|프랑스|독일,스릴러|드라마,폴 버호벤,이자벨 위페르,소니픽쳐스엔터테인먼트코리아주식회사극장배급지점,청소년관람불가,16736,27420,32553,33997,35368
20172241,꼬마돼지 베이브의 대모험,79,2017,20170615,장편,독일,어드벤처|애니메이션,테레사 스트로젝,악셀 프랄|미카엘 케슬러|랄프 슈미츠,(주)박수엔터테인먼트,전체관람가,25228,34930,38254,41099,42879
20175423,나의 붉은고래,101,2016,20170615,장편,중국,판타지|애니메이션,장춘|양선,계관림|허위주|소상경,(주)영화사 빅,전체관람가,52993,57119,57651,58276,58454
20176741,꼬마참새 리차드: 아프리카 원정대,83,2017,20170615,장편,노르웨이|독일|벨기에|룩셈부르크,애니메이션,레자 메마리|토비 젠켈,김서영|구민선|변영희,씨네그루(주)키다리이엔티,전체관람가,36546,57773,68254,78682,81136
20166967,트랜스포머: 최후의 기사,150,2016,20170621,장편,미국,SF|액션|어드벤처,마이클 베이,마크 월버그|안소니 홉킨스|로라 하독|조쉬 더하멜,롯데쇼핑㈜롯데엔터테인먼트,12세이상관람가,2015435,2488693,2584236,2612964,2614601
20176201,더 서클,109,2017,20170622,장편,미국,스릴러|드라마|SF,제임스 폰솔트,엠마 왓슨|톰 행크스,씨네그루(주)키다리이엔티,12세이상관람가,64815,70987,71328,71360,71362
20178982,박열,128,2017,20170628,장편,한국,드라마,이준익,이제훈|최희서|김인우,메가박스중앙(주)플러스엠,12세이상관람가,1457643,1970187,2289636,2353486,2359707
20159647,리얼,137,2016,20170628,장편,한국,액션,이사랑,김수현|성동일|이성민,씨제이이앤엠(주),청소년관람불가,426567,460058,467053,469350,470195
20176961,지랄발광 17세,105,2016,20170628,장편,미국,드라마|코미디,켈리 프레몬,헤일리 스테인펠드,소니픽쳐스엔터테인먼트코리아주식회사극장배급지점,15세이상관람가,52471,78115,83018,83258,83258
20158485,옥자,120,2017,20170629,장편,미국,드라마|어드벤처|액션,봉준호,틸다 스윈튼|폴 다노|안서현,(주)넥스트엔터테인먼트월드(NEW),12세이상관람가,162216,238562,282374,302775,322663
20167303,스파이더맨: 홈 커밍,133,2017,20170705,장편,미국,SF|액션|어드벤처,존 왓츠,톰 홀랜드|로버트 다우니 주니어|마이클 키튼,소니픽쳐스엔터테인먼트코리아주식회사극장배급지점,12세이상관람가,4301549,6241925,7009762,7209548,7258678
20176102,그 후,91,2017,20170706,장편,한국,드라마,홍상수,권해효,(주)영화제작전원사 |(주)콘텐츠판다,청소년관람불가,13331,16564,17660,18157,18667
20177501,플립,89,2010,20170712,장편,미국,멜로/로맨스|드라마,롭 라이너,매들린 캐롤|콜런 맥올리프,(주)팝엔터테인먼트,12세이상관람가,191288,301911,342576,352008,355781
20174801,내 사랑,115,2016,20170712,장편,캐나다|아일랜드,멜로/로맨스|드라마,에이슬링 월쉬,에단 호크|샐리 호킨스,오드,12세이상관람가,126020,189559,233098,264410,337637
20175522,카3: 새로운 도전,108,2017,20170713,장편,미국,가족|애니메이션|어드벤처|코미디,브라이언 피,오웬 윌슨|아미 해머|크리스텔라 알론조|오인성|신용우|김현심,월트디즈니컴퍼니코리아 유한책임회사,전체관람가,325396,460745,481942,486451,487916
20176562,예수는 역사다,113,2017,20170713,장편,미국,드라마,존 건,마이크 보겔,(재)CBS,전체관람가,80004,124888,144753,153571,174197
20176781,내가 죽기 전에 가장 듣고 싶은 말,107,2017,20170719,장편,미국,코미디,마크 펠링톤,셜리 맥클레인|아만다 사이프리드|앤주얼 리 딕슨,(주)메인타이틀픽쳐스|주식회사 키위컴퍼니,12세이상관람가,35332,42495,43907,44597,45622
20164621,덩케르크,106,2017,20170720,장편,영국|미국,전쟁|액션|드라마|스릴러,크리스토퍼 놀란,톰 하디|마크 라이런스|케네스 브래너|킬리언 머피|핀 화이트헤드,워너브러더스 코리아(주),12세이상관람가,1813281,2443358,2671682,2742254,2793042
20178321,극장판 짱구는 못말려 : 습격!! 외계인 덩덩이,103,2017,20170720,장편,일본,애니메이션,하시모토 마사카즈,박영남|양정화|김환진|강희선|여민정|정유미|정혜옥|이장원,씨제이이앤엠(주),전체관람가,188714,289898,327410,331707,333184
20177761,오즈: 신기한 마법가루,90,2017,20170720,장편,러시아,가족|애니메이션|어드벤처,블라디미르 토로프킨,김하영|황창영|서원석|이현|이장원|송하림,(주)스마일이엔티,전체관람가,71436,77203,77955,78201,78440
20173403,슈퍼배드 3,89,2017,20170726,장편,미국,애니메이션,카일 발다|피에르 꼬팽,스티브 카렐|크리스튼 위그|트레이 파커,유니버설픽쳐스인터내셔널 코리아(유),전체관람가,1922726,2813753,3152068,3274446,3324874
20161481,군함도,132,2017,20170726,장편,한국,드라마|액션,류승완,황정민|소지섭|송중기|이정현|김수안,씨제이이앤엠(주),15세이상관람가,5188514,6311866,6526597,6568177,6592151
20178646,송 투 송,128,2017,20170726,장편,미국,멜로/로맨스|드라마,테렌스 맬릭,라이언 고슬링|루니 마라|마이클 패스벤더|나탈리 포트만,CGV아트하우스,청소년관람불가,18540,21824,22269,22518,22518
20162869,택시운전사,137,2017,20170802,장편,한국,드라마,장훈,송강호|토마스 크레취만|유해진|류준열,(주)쇼박스,15세이상관람가,5812815,9228696,10740398,11577658,12189654
20170124,명탐정 코난:진홍의 연가,112,2017,20170802,장편,일본,애니메이션,시즈노 코분,타카야마 미나미|야마자키 와카나|코야마 리키야,씨제이이앤엠(주),12세이상관람가,374351,434116,447498,449428,450705
20178762,파리로 가는 길,92,2016,20170803,장편,미국,멜로/로맨스|드라마,엘레노어 코폴라,다이안 레인|알렉 볼드윈|아르노 비야르,(주)티캐스트,12세이상관람가,38162,69834,91149,103310,119870
20162442,청년경찰,108,2017,20170809,장편,한국,액션,김주환,박서준|강하늘,롯데쇼핑㈜롯데엔터테인먼트,15세이상관람가,2910602,4229505,5045044,5459945,5653444
20178641,빅풋 주니어,91,2017,20170809,장편,프랑스|벨기에,가족|애니메이션|어드벤처,벤 스타센|제레미 드그루손,우정신|임채헌|박상훈|최정현|홍진욱|이현|김연우|황창영|이소은|김현욱|이규창,(주)이수C&E,전체관람가,198346,274540,304117,313614,320545
20161081,애나벨 : 인형의 주인,108,2017,20170810,장편,미국,공포(호러),데이비드 F. 샌드버그,스테파니 시그만|탈리사 베이트먼|루루 윌슨,워너브러더스 코리아(주),15세이상관람가,1501588,1834968,1918049,1933067,1934270
20179085,극장판 도라에몽: 진구의 남극 꽁꽁 대모험,100,2017,20170810,장편,일본,어드벤처|애니메이션|SF|가족,다카하시 아츠시,채민지|김정아|미즈타 와사비|오오하라 메구미,(주)넥스트엔터테인먼트월드(NEW),전체관람가,130272,161673,165821,166736,167052
20179901,혹성탈출: 종의 전쟁,139,2017,20170815,장편,미국,SF|액션|어드벤처|드라마,맷 리브스,앤디 서키스|우디 해럴슨,이십세기폭스코리아(주),12세이상관람가,1673102,1988185,2042884,2049065,2051315
20179226,드래곤 스펠: 마법 꽃의 비밀,86,2016,20170815,장편,우크라이나|독일,판타지|애니메이션,마누크 데포얀,방지원|이세원,㈜코리아스크린,전체관람가,63347,77549,78881,79209,79446
20179187,공범자들,105,2017,20170817,장편,한국,다큐멘터리,최승호,이명박|김재철|김장겸|고대영,(주)엣나인필름,15세이상관람가,105370,178000,223134,246453,260514
20151003,장산범,99,2017,20170817,장편,한국,스릴러|미스터리,허정,염정아|박혁권,(주)넥스트엔터테인먼트월드(NEW),15세이상관람가,880746,1211182,1301808,1305587,1306438
20164174,브이아이피,127,2017,20170823,장편,한국,드라마|범죄,박훈정,김명민|장동건|박희순|이종석,워너브러더스 코리아(주),청소년관람불가,1149341,1350795,1369688,1373197,1373316
20165001,더 테이블,70,2016,20170824,장편,한국,멜로/로맨스|드라마,김종관,정유미|한예리|정은채,(주)엣나인필름,12세이상관람가,56720,80433,94484,99312,103092
20170389,극장판 위 베어 베어스: 곰 브라더스,61,2017,20170824,장편,미국,애니메이션,매니 에르난데스,송준석|김명준|이주창,(주)팝엔터테인먼트,전체관람가,29062,31308,31862,32018,32021
20158047,발레리안: 천 개 행성의 도시,136,2017,20170830,장편,프랑스,SF|액션|어드벤처,뤽 베송,데인 드한|카라 델러비인,판씨네마(주),12세이상관람가,424509,506049,510114,510236,511931
20179407,로마의 휴일,107,2017,20170830,장편,한국,드라마|코미디,이덕희,임창정|공형진|정상훈,메가박스중앙(주)플러스엠,15세이상관람가,128296,132557,134142,134727,134827
20171962,킬러의 보디가드,118,2017,20170830,장편,미국,코미디|액션,패트릭 휴즈,라이언 레이놀즈|사무엘 L. 잭슨,(주)제이앤씨미디어그룹|TCO(주)더콘텐츠온,15세이상관람가,958066,1362439,1533682,1612986,1722017
20166132,김광석,81,2017,20170830,장편,한국,다큐멘터리,이상호,김광석,(주)비엠컬쳐스,15세이상관람가,36364,44860,48198,65079,98926
20154909,살인자의 기억법,118,2016,20170906,장편,한국,스릴러|범죄,원신연,설경구|김남길|설현|오달수,(주)쇼박스,15세이상관람가,1508731,2222966,2538953,2652141,2658589
20179696,그것,134,2017,20170906,장편,미국,드라마|공포(호러),안드레스 무시에티,빌 스카스가드|제이든 마텔,워너브러더스 코리아(주),15세이상관람가,673742,838362,879474,887296,888836
20170268,매혹당한 사람들,93,2017,20170906,장편,미국,드라마|스릴러,소피아 코폴라,니콜 키드먼|커스틴 던스트|엘르 패닝|콜린 파렐,유니버설픽쳐스인터내셔널 코리아(유),15세이상관람가,47643,51951,53097,53744,54041
20171923,저수지 게임,100,2017,20170907,장편,한국,다큐멘터리,최진성,주진우|조미래|정재호|홍익표|이종걸|정두언|이요섭|김우남,(주)스마일이엔티,15세이상관람가,72921,104790,119189,123356,125562
20172148,몬스터 섬의 비밀,69,2017,20170907,장편,멕시코,애니메이션,레오폴도 아귈라,신정훈|박상우|조연우|박정욱|오은수|방지원,(주)박수엔터테인먼트,전체관람가,13381,20594,26511,26688,26739
20171090,베이비 드라이버,112,2017,20170914,장편,영국,스릴러|액션|범죄,에드가 라이트,안셀 엘고트|케빈 스페이시|릴리 제임스|에이사 곤살레스|존 햄|제이미 폭스,소니픽쳐스엔터테인먼트코리아주식회사극장배급지점,15세이상관람가,563851,765625,817809,822056,823624
20177541,아메리칸 메이드,114,2017,20170914,장편,미국,액션|범죄,더그 라이만,톰 크루즈|도널 글리슨,유니버설픽쳐스인터내셔널 코리아(유),15세이상관람가,344437,397020,399637,400163,401541
20170607,몬스터 콜,108,2016,20170914,장편,스페인,드라마|판타지,후안 안토니오 바요나,시고니 위버|펠리시티 존스|루이스 맥두걸|리암 니슨,롯데쇼핑㈜롯데엔터테인먼트,12세이상관람가,64059,80132,84892,86686,89560
20173945,인비저블 게스트,106,2016,20170921,장편,스페인,스릴러|범죄|미스터리,오리올 파울로,마리오 카사스,(주)더블앤조이픽쳐스,15세이상관람가,65060,90253,94005,94660,95390
20174142,아이 캔 스피크,118,2017,20170921,장편,한국,코미디,김현석,나문희|이제훈,롯데쇼핑㈜롯데엔터테인먼트|(주)리틀빅픽쳐스,12세이상관람가,1099933,2406280,3044836,3193018,3283470
20175222,킹스맨: 골든 서클,140,2017,20170927,장편,영국|미국,코미디|액션|어드벤처,매튜 본,콜린 퍼스|줄리안 무어|태런 에저튼,이십세기폭스코리아(주),청소년관람불가,3377882,4631034,4869026,4937082,4945484
20172142,극장판 요괴워치: 하늘을 나는 고래와 더블세계다냥!,89,2016,20170927,장편,일본,애니메이션,요코이 타케시|우시로 신지,박경혜|홍범기|김현지|김가령|정유정|방연지|정혜옥|김율|강호철|신용우|이호산|김새해|임윤선|김정훈|정선혜|여윤미|김보영|김채하|한신|현경수|이미자|이수진|김신우|손수호|김지율,씨제이이앤엠(주),전체관람가,142066,205473,211771,214241,215203
20171312,우리의 20세기,118,2016,20170927,장편,미국,드라마,마이크 밀스,아네트 베닝|엘르 패닝|그레타 거윅,그린나래미디어(주),15세이상관람가,17083,27764,31317,33103,35541
20169463,다시 태어나도 우리,95,2016,20170927,장편,한국,다큐멘터리,문창용|전진,파드마 앙뚜|우르갼 리크젠,(주)엣나인필름,전체관람가,12753,20696,25295,28217,38324
20172627,리틀 프린세스 소피아 : 신비한 섬,63,2017,20170928,장편,미국,뮤지컬|애니메이션|어드벤처|가족|판타지,제이미 미첼,김미랑|서지연|아리엘 윈터|다시 로즈 번스,월트디즈니컴퍼니코리아 유한책임회사,전체관람가,36339,56194,59619,61425,62454
20172742,범죄도시,121,2017,20171003,장편,한국,액션|범죄,강윤성,마동석|윤계상,메가박스중앙(주)플러스엠|(주)키위미디어그룹,청소년관람불가,2388597,3933787,5176405,5992694,6880546
20165450,남한산성,140,2017,20171003,장편,한국,드라마|사극,황동혁,이병헌|김윤석|박해일|고수|박희순,씨제이이앤엠(주),15세이상관람가,3312547,3670777,3794446,3834871,3849129
20171817,넛잡 2,91,2017,20171003,장편,중국|한국|캐나다,가족|애니메이션|어드벤처|코미디,캘런 브런커,윌 아넷|캐서린 헤이글|성룡|이사벨라 모너|마야 루돌프|세바스찬 매니스칼코,롯데쇼핑㈜롯데엔터테인먼트,전체관람가,313449,358568,385580,397443,411787
20170964,딥,85,2017,20171003,장편,스페인,어드벤처|애니메이션|뮤지컬,줄리오 소토 거피드,심규혁|사문영|이인성|이지현,(주)이수C&E,전체관람가,201866,219302,227125,228774,230068
20173092,어메이징 메리,101,2017,20171004,장편,미국,드라마,마크 웹,크리스 에반스|맥케나 그레이스|린제이 던칸|제니 슬레이트|옥타비아 스펜서,이십세기폭스코리아(주),12세이상관람가,22604,30379,33461,33819,34777
20168282,블레이드 러너 2049,163,2017,20171012,장편,미국,액션|SF,드니 빌뇌브,라이언 고슬링|해리슨 포드|아나 드 아르마스|실비아 혹스|자레드 레토,소니픽쳐스엔터테인먼트코리아주식회사극장배급지점,15세이상관람가,276578,310671,315264,318264,322664
20176767,"나는 내일, 어제의 너와 만난다",110,2016,20171012,장편,일본,SF|멜로/로맨스|판타지,미키 타카히로,후쿠시 소타|고마츠 나나,(주)디스테이션,12세이상관람가,80357,139785,166165,172160,179709
20173694,지오스톰,108,2017,20171019,장편,미국,스릴러|액션|SF,대니 캐넌|딘 데블린,제라드 버틀러|짐 스터게스|애비 코니쉬|에드 해리스,워너브러더스 코리아(주),12세이상관람가,858015,1013200,1027461,1028370,1028384
20172064,마더!,121,2017,20171019,장편,미국,스릴러|드라마|미스터리,대런 아로노프스키,제니퍼 로렌스|하비에르 바르뎀,롯데쇼핑㈜롯데엔터테인먼트,청소년관람불가,40972,45642,46333,46617,46677
20173806,노 게임 노 라이프 -제로-,106,2017,20171019,장편,일본,애니메이션,이시즈카 아츠코,마츠오카 요시츠구|카야노 아이|히카사 요코|타무라 유카리,(주)박수엔터테인먼트,12세이상관람가,50175,66619,76670,83020,91262
20176761,잠깐만 회사 좀 관두고 올게,113,2017,20171019,장편,일본,드라마,나루시마 이즈루,후쿠시 소타|쿠도 아스카,(주)이수C&E,12세이상관람가,30068,33451,34360,34880,35529
20171024,너의 췌장을 먹고 싶어,115,2017,20171025,장편,일본,드라마,츠키카와 쇼,키타무라 타쿠미|하마베 미나미,(주)넥스트엔터테인먼트월드(NEW),12세이상관람가,259484,370797,423179,448741,465606
20175121,토르: 라그나로크,130,2017,20171025,장편,미국,SF|액션|어드벤처|판타지,타이카 와이티티,크리스 헴스워스|톰 히들스턴|케이트 블란쳇,월트디즈니컴퍼니코리아 유한책임회사,12세이상관람가,2637562,3765884,4392305,4638245,4858572
20164481,유리정원,116,2017,20171025,장편,한국,드라마|미스터리,신수원,문근영|김태훈|서태화,(주)리틀빅픽쳐스,12세이상관람가,21155,22216,22565,22663,22752
20175208,뷰티풀 투모로우,67,2017,20171026,장편,한국,드라마,장재혁,박효신|정재일,씨제이 씨지브이(CJ CGV)(주),12세이상관람가,35873,46910,57233,60317,63279
20174103,배저로와 친구들: 신비한 모험,75,2015,20171026,장편,노르웨이,판타지|애니메이션|코미디|가족|어드벤처|뮤지컬,라스무스 A. 실버르센|룬 스파안스,김기철|최한|안현서|신경선|존 F. 브룬고트|헤르만 사바도,와이드 릴리즈(주),전체관람가,20066,23807,24573,25546,26185
20169643,침묵,125,2017,20171102,장편,한국,드라마,정지우,최민식|박신혜|류준열|이하늬|박해준|조한철|이수경,씨제이이앤엠(주),15세이상관람가,407888,488125,493191,494057,494097
20172603,부라더,102,2017,20171102,장편,한국,코미디,장유정,마동석|이동휘|이하늬,메가박스중앙(주)플러스엠,12세이상관람가,975154,1381374,1477840,1490050,1492903
20173612,메소드,81,2017,20171102,장편,한국,드라마,방은진,박성웅|윤승아|오승훈,(주)엣나인필름,15세이상관람가,19200,24199,25216,26103,26651
20173804,배드 지니어스,129,2017,20171102,장편,태국,스릴러,나타우트 푼프리야,추티몬 충차로엔수킹|차논 산티네톤쿤|에이샤 호수완|티라돈 수파펀핀요,(주)팝엔터테인먼트,15세이상관람가,14769,16815,17252,17749,17941
20177342,내게 남은 사랑을,111,2017,20171102,장편,한국,드라마,진광교,성지루|전미선|권소현|홍석|이예원,(주)비엠컬쳐스,12세이상관람가,16498,20101,22906,24628,28355
20174622,해피 데스데이,96,2017,20171108,장편,미국,스릴러|공포(호러)|미스터리,크리스토퍼 랜던,제시카 로테|이스라엘 브루사드,유니버설픽쳐스인터내셔널 코리아(유),15세이상관람가,671164,1127354,1345971,1378840,1382650
20179942,러빙 빈센트,94,2017,20171109,장편,폴란드|영국,미스터리|애니메이션,휴 웰치맨|도로타 코비엘라,0,판씨네마(주),15세이상관람가,82829,152514,239413,300251,409692
20175441,채비,114,2017,20171109,장편,한국,드라마,조영준,고두심|김성균,오퍼스픽쳐스(유),12세이상관람가,112318,146675,163533,171066,177439
20161681,미옥,90,2017,20171109,장편,한국,액션|범죄,이안규,김혜수|이선균|이희준,씨네그루(주)키다리이엔티,청소년관람불가,231750,238055,238532,238567,242737
20168754,7호실,100,2017,20171115,장편,한국,코미디,이용승,신하균|디오,롯데쇼핑㈜롯데엔터테인먼트,15세이상관람가,310417,343639,346386,347636,348017
20168221,저스티스 리그,119,2017,20171115,장편,미국,SF|액션|어드벤처|판타지,잭 스나이더,벤 애플렉|갤 가돗|제이슨 모모아|레이 피셔|에즈라 밀러|헨리 카빌,워너브러더스 코리아(주),12세이상관람가,1320719,1687925,1769615,1785920,1786386
20174778,하이큐!! 재능과 센스,89,2017,20171115,장편,일본,애니메이션,미츠나카 스스무,양정화|심규혁|성완경|구자형|류승곤|무라세 아유무|이시카와 카이토|히노 사토시|이리노 미유|하야시 이사무,(주)이수C&E,12세이상관람가,16232,26206,33183,35284,43487
20175611,페이트 스테이 나이트 헤븐즈필 제1장 프레시지 플라워,121,2017,20171116,장편,일본,판타지|애니메이션|액션,스도 토모노리,스기야마 노리아키|시타야 노리코|카미야 히로시|카와스미 아야코|우에다 카나,(주)박수엔터테인먼트,15세이상관람가,26463,34338,37850,40487,44033
20165748,꾼,116,2017,20171122,장편,한국,범죄,장창원,현빈|유지태|배성우|박성웅|나나|안세하,(주)쇼박스,15세이상관람가,2199935,3235099,3893380,4015561,4018341
20175288,피터와 모글리의 크리스마스 어드벤처,75,2016,20171123,장편,인도,애니메이션,타파스 차크라바르티,0,(주)팝엔터테인먼트,전체관람가,22527,29340,31426,33103,34899
20161762,반드시 잡는다,110,2017,20171129,장편,한국,스릴러,김홍선,백윤식|성동일,(주)넥스트엔터테인먼트월드(NEW),15세이상관람가,351038,441605,446334,446780,446780
20178581,오리엔트 특급 살인,113,2017,20171129,장편,미국,범죄|드라마|미스터리,케네스 브래너,케네스 브래너|페넬로페 크루즈|윌렘 데포|주디 덴치|조니 뎁|조시 게드|데릭 자코비|레슬리 오덤 주니어|미셸 파이퍼|데이지 리들리,이십세기폭스코리아(주),12세이상관람가,599806,833500,861833,862997,864757
20173581,기억의 밤,108,2017,20171129,장편,한국,스릴러|미스터리,장항준,강하늘|김무열,메가박스중앙(주)플러스엠|주식회사 키위컴퍼니,15세이상관람가,743239,1249492,1382399,1386411,1387779
20174846,뽀로로 극장판 공룡섬 대모험,78,2017,20171207,장편,한국,애니메이션,윤제완|김현호,이선|이미자|함수정|홍소영|정미숙|김서영|김환진,(주)넥스트엔터테인먼트월드(NEW),전체관람가,380096,588234,737010,802275,827338
20174585,메리와 마녀의 꽃,102,2017,20171207,장편,일본,어드벤처|애니메이션,요네바야시 히로마사,스기사키 하나|카미키 류노스케|김영은|심규혁,CGV아트하우스,전체관람가,394777,516190,534575,535539,535669
20170272,산상수훈,124,2017,20171207,장편,한국,드라마,유영의,백서빈,(주)그란|이언픽쳐스,전체관람가,20982,24945,29086,40183,55033
20170402,강철비,139,2017,20171214,장편,한국,드라마|액션,양우석,정우성|곽도원,(주)넥스트엔터테인먼트월드(NEW),15세이상관람가,2375222,3722868,4230919,4405375,4452850
20170443,스타워즈: 라스트 제다이,151,2017,20171214,장편,미국,SF|액션|어드벤처|판타지,라이언 존슨,마크 해밀|캐리 피셔|아담 드라이버|데이지 리들리|존 보예가|오스카 아이삭,월트디즈니컴퍼니코리아 유한책임회사,12세이상관람가,765591,935014,953840,957457,959577
20175481,튤립 피버,104,2017,20171214,장편,미국|영국,멜로/로맨스|드라마,저스틴 채드윅,알리시아 비칸데르|데인 드한|크리스토프 왈츠,(주)팝엔터테인먼트,청소년관람불가,44120,50823,52757,53006,53121
20176367,극장판 숲의 요정 페어리루 ~크리스마스의 기적: 마법의 날개~,64,2017,20171214,장편,일본,애니메이션,고로 사쿠라,조경이|이재현|이지현|윤아영|남도형,(주)이수C&E|(주)에이원엔터테인먼트,전체관람가,43047,52632,57470,58648,59375
20150976,신과함께-죄와 벌,139,2017,20171220,장편,한국,드라마|판타지,김용화,하정우|차태현|주지훈|김향기|김동욱|마동석,롯데쇼핑㈜롯데엔터테인먼트,12세이상관람가,5696686,9966473,11974784,13110626,14411775
20179462,위대한 쇼맨,104,2017,20171220,장편,미국,뮤지컬|드라마,마이클 그레이시,휴 잭맨|잭 에프론,이십세기폭스코리아(주),12세이상관람가,637730,935683,1136916,1246208,1403019
20174965,극장판 포켓몬스터 너로 정했다!,97,2017,20171221,장편,일본,가족|애니메이션|어드벤처,유야마 쿠니히코,마츠모토 리카|오오타니 이쿠에,(주)이수C&E,전체관람가,327802,479905,505130,508490,509555
20176049,패터슨,118,2016,20171221,장편,미국|프랑스|독일,드라마,짐 자무쉬,아담 드라이버|골쉬프테 파라하니,그린나래미디어(주),12세이상관람가,22002,35206,43302,49685,68008
20170590,1987,129,2017,20171227,장편,한국,드라마,장준환,김윤석|하정우|유해진|김태리|박희순|이희준,씨제이이앤엠(주),15세이상관람가,2865772,4611798,6122808,6805864,7232387
20176947,원더,113,2017,20171227,장편,미국,드라마,스티븐 크보스키,제이콥 트렘블레이|줄리아 로버츠|오웬 윌슨,CGV아트하우스,전체관람가,116959,161342,188976,212657,266983
20177104,페르디난드,107,2017,20180103,장편,미국,코미디|애니메이션|어드벤처,카를로스 살다나,존 시나,이십세기폭스코리아(주),전체관람가,431600,512168,527310,532426,535434
20171909,쥬만지: 새로운 세계,118,2017,20180103,장편,미국,어드벤처|액션,제이크 캐스단,드웨인 존슨|케빈 하트|잭 블랙|카렌 길런,소니픽쳐스엔터테인먼트코리아주식회사극장배급지점,12세이상관람가,1135453,1616656,1701612,1710330,1711246
20179985,코코,126,2017,20180111,장편,미국,애니메이션,리 언크리치,가엘 가르시아 베르날|안소니 곤잘레스|벤자민 브랫|르네 빅터,월트디즈니컴퍼니코리아 유한책임회사,전체관람가,1237333,2072884,2770181,3144631,3513114
20177602,"쏘아올린 불꽃, 밑에서 볼까? 옆에서 볼까?",90,2017,20180111,장편,일본,멜로/로맨스|애니메이션,신보 아키유키,히로세 스즈|스다 마사키|미야노 마모루,(주)넥스트엔터테인먼트월드(NEW),15세이상관람가,26455,26867,26912,26919,27083
20179286,하이큐!! 콘셉트의 싸움,88,2017,20180111,장편,일본,애니메이션,미츠나카 스스무,양정화|심규혁|성완경|구자형|류승곤|무라세 아유무|이시카와 카이토|히노 사토시|이리노 미유|하야시 이사무,(주)팝엔터테인먼트,12세이상관람가,11856,16120,18300,19513,25144
20175054,메이즈 러너: 데스 큐어,142,2017,20180117,장편,미국,스릴러|액션|SF,웨스 볼,딜런 오브라이언|토마스 생스터|카야 스코델라리오|이기홍|월튼 고긴스,이십세기폭스코리아(주),12세이상관람가,1530639,2080969,2248120,2296810,2299732
20176104,그것만이 내 세상,120,2017,20180117,장편,한국,드라마|코미디,최성현,이병헌|윤여정|박정민,씨제이이앤엠(주),12세이상관람가,1206920,2286474,2956691,3287264,3420199
20178228,다키스트 아워,125,2017,20180117,장편,영국,전쟁|드라마,조 라이트,게리 올드만|크리스틴 스콧 토마스|릴리 제임스|벤 멘델존,유니버설픽쳐스인터내셔널 코리아(유),12세이상관람가,16426,20158,23155,25240,37520
20189525,젝스키스 에이틴,100,2017,20180118,장편,한국,다큐멘터리,0,은지원|이재진|김재덕|강성훈|장수원,씨제이 씨지브이(CJ CGV)(주),전체관람가,27251,35578,38608,41613,50419
20168161,1급기밀,100,2016,20180124,장편,한국,드라마,홍기선,김상경|김옥빈,(주)리틀빅픽쳐스,12세이상관람가,200090,216751,218145,218353,218795
20177473,비밥바룰라,97,2018,20180124,장편,한국,코미디,이성재,박인환|신구|임현식|윤덕용,씨네그루(주)키다리이엔티,12세이상관람가,41785,43647,44566,45191,47918
20178230,커뮤터,104,2017,20180124,장편,미국|영국,액션,자움 콜렛 세라,리암 니슨,메가박스중앙(주)플러스엠,15세이상관람가,264304,281925,283322,283714,286062
20178395,12 솔져스,130,2018,20180131,장편,미국,전쟁|액션|드라마,니콜라이 퓰시,크리스 헴스워스|마이클 섀넌|마이클 페나|트레반트 로즈,(주)제이앤씨미디어그룹,15세이상관람가,165858,216198,222191,222537,223740
20178469,올 더 머니,132,2017,20180201,장편,미국,스릴러|범죄|드라마|미스터리,리들리 스콧,미셀 윌리엄스|크리스토퍼 플러머|마크 월버그,판씨네마(주),15세이상관람가,51098,64923,68316,69506,70310
20189901,더 포리너,113,2017,20180207,장편,중국|영국,스릴러|액션,마틴 캠벨,성룡|피어스 브로스넌,(주)더블앤조이픽쳐스|TCO(주)더콘텐츠온,15세이상관람가,38533,38971,39232,40405,41574
20179205,조선명탐정: 흡혈괴마의 비밀,119,2017,20180208,장편,한국,코미디|사극|어드벤처,김석윤,김명민|오달수|김지원,(주)쇼박스,12세이상관람가,1362268,2239891,2436078,2443038,2444136
20178672,패딩턴 2,103,2017,20180208,장편,영국|프랑스,드라마|코미디,폴 킹,엄상현,(주)이수C&E,전체관람가,176792,255832,320132,333067,339014
20170561,블랙 팬서,134,2018,20180214,장편,미국,SF|액션|드라마,라이언 쿠글러,채드윅 보스만|마이클 B. 조던|루피타 뇽오,월트디즈니컴퍼니코리아 유한책임회사,12세이상관람가,3660109,4789420,5258930,5357312,5399327
20168250,골든슬럼버,108,2017,20180214,장편,한국,드라마|범죄,노동석,강동원|김의성|한효주|김성균|김대명,씨제이이앤엠(주),15세이상관람가,1135880,1373457,1384123,1385527,1387508
20180542,50가지 그림자: 해방,105,2018,20180221,장편,미국,스릴러|드라마|멜로/로맨스,제임스 폴리,다코타 존슨|제이미 도넌,유니버설픽쳐스인터내셔널 코리아(유),청소년관람불가,155196,200435,212109,215177,217785
20173436,셰이프 오브 워터: 사랑의 모양,123,2017,20180222,장편,미국,판타지|어드벤처,기예르모 델 토로,샐리 호킨스|마이클 섀넌|리차드 젠킨스|더그 존스,이십세기폭스코리아(주),청소년관람불가,265410,373586,452615,486971,507412
20177946,월요일이 사라졌다,123,2017,20180222,장편,벨기에|영국|미국|프랑스,범죄|액션|어드벤처,토미 위르콜라,누미 라파스,(주)스마일이엔티,15세이상관람가,574831,819141,886521,901878,903213
20170841,리틀 포레스트,103,2018,20180228,장편,한국,드라마,임순례,김태리|류준열|문소리|진기주,메가박스중앙(주)플러스엠,전체관람가,825331,1206662,1395790,1485529,1507596
20150969,궁합,109,2015,20180228,장편,한국,드라마|코미디,홍창표,심은경|이승기,씨제이이앤엠(주),12세이상관람가,1078050,1304717,1335017,1338964,1340117
20189861,더 포스트,116,2017,20180228,장편,미국,스릴러|드라마,스티븐 스필버그,메릴 스트립|톰 행크스,CGV아트하우스,12세이상관람가,94371,117422,128034,133584,140473
20189663,게이트,91,2017,20180228,장편,한국,코미디|범죄,신재호,정려원|임창정|정상훈|이경영|이문식,(주)제이앤씨미디어그룹,15세이상관람가,88847,98898,100357,100974,101381
20179731,나미야 잡화점의 기적,129,2017,20180228,장편,일본,드라마|판타지,히로키 류이치,야마다 료스케|니시다 토시유키|무라카미 니지로|칸이치로,(주)이수C&E,전체관람가,173513,188846,191285,191950,192878
20178781,사라진 밤,101,2017,20180307,장편,한국,스릴러,이창희,김상경|김강우|김희애,씨네그루(주)키다리이엔티,15세이상관람가,817775,1179632,1310959,1315231,1315726
20176070,플로리다 프로젝트,111,2017,20180307,장편,미국,드라마,션 베이커,윌렘 데포|브루클린 프린스|브리아 비나이트,오드,15세이상관람가,50720,67981,79689,85850,95467
20170669,지금 만나러 갑니다,131,2017,20180314,장편,한국,멜로/로맨스,이장훈,소지섭|손예진,롯데쇼핑㈜롯데엔터테인먼트,12세이상관람가,1163246,2027893,2403593,2560620,2602273
20180302,허리케인 하이스트,102,2017,20180314,장편,미국,범죄|액션,롭 코헨,토비 켑벨|매기 그레이스|라이언 콴튼|랄프 이네슨,(주)넥스트엔터테인먼트월드(NEW),15세이상관람가,190639,213449,214010,214255,214949
20178449,쓰리 빌보드,115,2017,20180315,장편,미국,드라마|코미디|범죄,마틴 맥도나,프란시스 맥도맨드,이십세기폭스코리아(주),15세이상관람가,57856,84019,92000,94423,97480
20174603,퍼시픽 림: 업라이징,110,2018,20180321,장편,미국,SF|액션|어드벤처,스티븐 S. 드나이트,존 보예가|스콧 이스트우드,유니버설픽쳐스인터내셔널 코리아(유),15세이상관람가,970074,1068265,1075063,1076107,1077235
20173962,소공녀,106,2017,20180322,장편,한국,드라마|멜로/로맨스,전고운,이솜|안재홍,CGV아트하우스,15세이상관람가,34651,46702,52194,55097,59685
20181366,미니특공대X,67,2018,20180322,장편,한국,애니메이션,이영준,엄상현|전태열|이소영|신용우,(주)삼지애니메이션,전체관람가,57946,84993,96225,98558,100164
20178522,콜 미 바이 유어 네임,131,2017,20180322,장편,미국|이탈리아|프랑스|브라질,멜로/로맨스|드라마,루카 구아다니노,티모시 샬라메|아미 해머,소니픽쳐스엔터테인먼트코리아주식회사극장배급지점,청소년관람불가,99300,141862,164110,174661,199589
20154908,7년의 밤,123,2018,20180328,장편,한국,드라마|스릴러,추창민,장동건|류승룡|송새벽|고경표,씨제이이앤엠(주),15세이상관람가,483905,521564,524945,527796,528007
20171122,레디 플레이어 원,139,2018,20180328,장편,미국,어드벤처|액션|SF,스티븐 스필버그,마크 라이런스|사이먼 페그|올리비아 쿡|타이 쉐리던|벤 멘델존|T.J. 밀러,워너브러더스 코리아(주),12세이상관람가,1192215,1851232,2112200,2243249,2254430
20180804,곤지암,94,2017,20180328,장편,한국,스릴러|공포(호러),정범식,위하준|박지현|오아연|문예원|박성훈|이승욱|유제윤,(주)쇼박스,15세이상관람가,1656508,2376836,2604270,2672474,2676427
20181621,막달라 마리아: 부활의 증인,119,2018,20180328,장편,영국,드라마,가스 데이비스,루니 마라|호아킨 피닉스,유니버설픽쳐스인터내셔널 코리아(유),12세이상관람가,21084,27654,29653,30269,30833
20178424,레이디 버드,94,2017,20180404,장편,미국,드라마|코미디,그레타 거윅,시얼샤 로넌,유니버설픽쳐스인터내셔널 코리아(유),15세이상관람가,65581,81617,90014,92921,102031
20153447,바람 바람 바람,100,2017,20180405,장편,한국,코미디,이병헌,이성민|신하균|송지효|이엘,(주)넥스트엔터테인먼트월드(NEW),청소년관람불가,823783,1088277,1188334,1193889,1194229
20181561,덕구,91,2017,20180405,장편,한국,드라마,방수인,이순재|정지훈,메가박스중앙(주)플러스엠,전체관람가,196120,268552,302396,307961,316241
20182021,번개맨과 신비의 섬,69,2017,20180405,장편,한국,뮤지컬|가족,김지열,서홍석|홍민아|유수호,(주)디스테이션|힘컨텐츠(주),전체관람가,39037,54591,59094,60181,60561
20182922,문호 스트레이독스 [데드 애플],90,2018,20180405,장편,일본,액션|애니메이션|판타지,이가라시 타쿠야,우에무라 유토|미야노 마모루|오노 켄쇼|타니야마 키쇼,(주)애니플러스,12세이상관람가,15362,19355,22133,24750,29740
20176917,램페이지,107,2018,20180412,장편,미국,액션,브래드 페이튼,드웨인 존슨|제프리 딘 모건|조 맹가니엘로,워너브러더스 코리아(주),12세이상관람가,895658,1349578,1382256,1385238,1385511
20182352,"그날, 바다",110,2018,20180412,장편,한국,다큐멘터리,김지영,정우성,(주)엣나인필름,15세이상관람가,276590,438102,503421,529287,540647
20181788,콰이어트 플레이스,90,2018,20180412,장편,미국,드라마|공포(호러)|스릴러,존 크랜신스키,에밀리 블런트|존 크래신스키,롯데쇼핑㈜롯데엔터테인먼트,15세이상관람가,351730,490995,508878,519971,526073
20182221,스파키,91,2016,20180412,장편,한국,코미디|애니메이션|어드벤처,애론 우들리|아론 우들리,제이스 노먼,예지림엔터테인먼트,전체관람가,28970,34205,35188,35239,35436
20177266,나를 기억해,101,2018,20180419,장편,한국,스릴러|미스터리|범죄,이한욱,이유영|김희원,씨네그루(주)키다리이엔티,청소년관람불가,135644,139274,140268,140303,141222
20181603,무문관,96,2018,20180419,장편,한국,다큐멘터리,박대원,0,영화사 마농(주),전체관람가,8724,12401,15216,17113,21808
20182494,몬태나,131,2017,20180419,장편,미국,드라마,스콧 쿠퍼,크리스찬 베일|로자먼드 파이크|웨스 스투디|벤 포스터,판씨네마(주),15세이상관람가,26773,28205,28868,29245,29354
20177962,당신의 부탁,107,2018,20180419,장편,한국,드라마,이동은,임수정|윤찬영,CGV아트하우스,15세이상관람가,21820,25108,25532,25669,25920
20177478,어벤져스: 인피니티 워,149,2018,20180425,장편,미국,SF|액션|어드벤처|판타지,조 루소|안소니 루소,로버트 다우니 주니어|조슈 브롤린|마크 러팔로|톰 히들스턴|크리스 에반스|크리스 헴스워스|제레미 레너|스칼렛 요한슨,월트디즈니컴퍼니코리아 유한책임회사,12세이상관람가,6254573,9249573,10344900,10891687,11212710
20182561,당갈,160,2016,20180425,장편,인도,드라마|액션,니테쉬 티와리,아미르 칸|파티마 사나 셰이크|산야 말호트라,(주)넥스트엔터테인먼트월드(NEW),12세이상관람가,50770,68151,90801,100977,109980
20176101,클레어의 카메라,68,2016,20180425,장편,한국,드라마,홍상수,이자벨 위페르|김민희|장미희|정진영,(주)영화제작전원사 |(주)콘텐츠판다|무브먼트,15세이상관람가,6570,8336,8864,9147,9439
20189783,챔피언,108,2017,20180501,장편,한국,드라마,김용완,마동석|권율|한예리,워너브러더스 코리아(주),12세이상관람가,890944,1096163,1122429,1126826,1128774
20182385,매직빈,72,2017,20180503,장편,중국,애니메이션,조이 주,장병관|황창영|민아,(주)영화사 빅,전체관람가,49380,54415,54629,55013,57004
20176067,"부르고뉴, 와인에서 찾은 인생",113,2017,20180503,장편,프랑스,드라마,세드릭 클래피쉬,피오 마르마이|아나 지라르도|프랑수와 시빌,(주)티캐스트,15세이상관람가,16780,31865,44253,48710,54186
20182989,커다랗고 커다랗고 커다란 배,77,2017,20180503,장편,덴마크,애니메이션,요르겐 레르담|필립 립스키,이소은|이제인|윤세웅|이규창|김현수,예지림엔터테인먼트,전체관람가,67659,91344,93833,94427,95459
20182984,얼리맨,88,2018,20180503,장편,영국,애니메이션,닉 파크,에디 레드메인|톰 히들스턴|메이지 윌리엄스,(주)이수C&E,전체관람가,96648,117903,120142,120896,122359
20176069,원더스트럭,115,2017,20180503,장편,미국,드라마,토드 헤인즈,줄리안 무어|오크스 페글리|미셀 윌리엄스|밀리센트 시먼즈,CGV아트하우스,전체관람가,19722,24298,25777,26317,26921
20177005,레슬러,109,2018,20180509,장편,한국,코미디|드라마,김대웅,유해진|김민재|이성경,롯데쇼핑㈜롯데엔터테인먼트,15세이상관람가,627730,755672,768124,769166,771141
20183083,중2병이라도 사랑이 하고 싶어! 테이크 온 미,99,2018,20180510,장편,일본,애니메이션,이시하라 타츠야,후쿠야마 쥰|우치다 마아야,와이드 릴리즈(주),12세이상관람가,16874,21910,24219,25828,26612
20183084,피터 래빗,94,2018,20180516,장편,호주|미국|영국,가족|애니메이션,윌 글럭,제임스 코든|도널 글리슨|로즈 번|샘 닐|신용우|엄상현|우정신|김무규,소니픽쳐스엔터테인먼트코리아주식회사극장배급지점,전체관람가,233386,316658,375181,383676,388300
20182046,"안녕, 나의 소녀",104,2017,20180516,장편,대만,멜로/로맨스,사준의,류이호|송운화,오드,12세이상관람가,75712,97867,109135,111037,111794
20176848,데드풀 2,117,2018,20180516,장편,미국,SF|액션|어드벤처|코미디,데이빗 레이치,라이언 레이놀즈|프레드 세비지|조슈 브롤린|재지 비츠|모레나 바카린|줄리안 데니슨,이십세기폭스코리아(주),청소년관람불가,2664302,3344388,3706224,3770874,3784602
20173202,버닝,147,2018,20180517,장편,한국,미스터리,이창동,유아인|스티븐 연|전종서,CGV아트하우스,청소년관람불가,399975,484119,516302,525432,528435
20183381,5.18 힌츠페터 스토리,94,2018,20180517,장편,한국,다큐멘터리,장영주,위르겐 힌츠페터|조성하,(주)드림팩트엔터테인먼트,12세이상관람가,9666,10123,10255,10296,10715
20179383,독전,123,2017,20180522,장편,한국,액션|범죄,이해영,조진웅|류준열|김성령|박해준|차승원|김주혁,(주)넥스트엔터테인먼트월드(NEW),15세이상관람가,2107388,3804534,4619679,4860332,5063844
20183801,트루스 오어 데어,99,2018,20180522,장편,미국,스릴러|공포(호러),제프 와드로,루시 헤일|타일러 포시,유니버설픽쳐스인터내셔널 코리아(유),15세이상관람가,207840,302245,309899,310320,310956
20183384,서산개척단,76,2018,20180524,장편,한국,다큐멘터리,정승현|이조훈,정영철|하용복|윤기숙|정화자|이상범|손연복,(주)인디플러그,12세이상관람가,4177,4798,5061,5206,5260
20184132,"세라비, 이것이 인생!",115,2017,20180530,장편,프랑스,코미디,에릭 토레다노|올리비에르 나카체,장 피에르 바크리|질 를르슈|수잔 클레망|장 폴 루브,(주)디스테이션,전체관람가,17365,20382,21639,22268,23193
20176053,"스탠바이, 웬디",93,2017,20180530,장편,미국,드라마,벤 루윈,다코타 패닝|토니 콜레트,판씨네마(주),전체관람가,39832,44802,46137,46462,47472
20180943,꼬마영웅 바비,71,2016,20180530,장편,중국,코미디|애니메이션|어드벤처,지안밍 후앙,이인석|김주호|김명준|김민성|최낙윤|안현서,와이드 릴리즈(주),전체관람가,17143,18070,18369,18485,18509
20185081,아이 필 프리티,109,2018,20180606,장편,미국,코미디,아비 콘,에이미 슈머|미셀 윌리엄스,(주)홈초이스,15세이상관람가,147109,191903,222975,235078,241295
20179086,쥬라기 월드: 폴른 킹덤,127,2018,20180606,장편,미국,SF|액션|어드벤처,후안 안토니오 바요나,크리스 프랫|브라이스 달라스 하워드,유니버설픽쳐스인터내셔널 코리아(유),12세이상관람가,3999886,4901109,5395800,5621555,5661128
20135305,극장판 포켓몬스터DP - 디아루가 VS 펄기아 VS 다크라이,90,2018,20180606,장편,일본,애니메이션,유야마 쿠니히코,임채헌|이선호|정미숙|변영희|마츠모토 리카|오오타니 이쿠에|토요구치 메구미|우에다 유지,(주)이수C&E,전체관람가,155048,174624,180421,182968,183421
20184261,벅스 프렌즈,75,2018,20180606,장편,중국,애니메이션,딩 스,김소희|윤세웅|석승훈,(주)스톰픽쳐스코리아,전체관람가,30713,34602,36082,36609,36905
20184782,호비와 매직 아일랜드,60,2018,20180606,장편,일본,애니메이션,히로 타카시마|카와마타 히로시,미나미 오미|타카하시 미키,(주)머스트씨무비릴리징컴퍼니,전체관람가,11149,13486,15119,15865,16914
20184801,유전,127,2017,20180607,장편,미국,공포(호러),아리 애스터,토니 콜레트|알렉스 울프|밀리 샤피로,(주)팝엔터테인먼트,15세이상관람가,130356,158493,172283,176345,178686
20184903,오션스8,110,2018,20180613,장편,미국,범죄|액션,게리 로스,산드라 블록|케이트 블란쳇|앤 해서웨이|민디 캘링|사라 폴슨|아콰피나|리한나|헬레나 본햄 카터,워너브러더스 코리아(주),12세이상관람가,757549,1163789,1316137,1331862,1335829
20178161,탐정: 리턴즈,116,2018,20180613,장편,한국,범죄|코미디,이언희,권상우|성동일|이광수,씨제이이앤엠(주),15세이상관람가,1304215,2342325,2948105,3098463,3152895
20184512,토니스토리2: 고철왕국의 친구들,81,2017,20180613,장편,독일,어드벤처|애니메이션|코미디,마커스 하먼|토마스 보덴스타인,신정훈|이민형|오은수|송영인|크리스토프 마리아 허브스트|옐라 하세,(주)박수엔터테인먼트,전체관람가,13479,15292,15881,16395,16685
20184699,바르다가 사랑한 얼굴들,93,2017,20180614,장편,프랑스,다큐멘터리,제이알|아녜스 바르다,아녜스 바르다|제이알|미미,(주)영화사 진진,전체관람가,9285,15017,19720,22541,31361
20184762,류이치 사카모토: 코다,101,2017,20180614,장편,일본,다큐멘터리,스티븐 쉬블,사카모토 류이치,주식회사 씨네룩스,전체관람가,7549,10209,11596,12428,14331
20184689,아일라,123,2017,20180621,장편,터키,전쟁|드라마,칸 울카이,이스마일 하지오글루|김설,(주)영화사 빅,15세이상관람가,34014,39404,41546,42355,43742
20184845,미드나잇 선,91,2018,20180621,장편,미국,멜로/로맨스,스콧 스피어,벨라 손|패트릭 슈왈제네거,씨네그루(주)키다리이엔티,12세이상관람가,125069,196098,239142,279589,326086
20182001,개들의 섬,101,2018,20180621,장편,미국,다큐멘터리|코미디|애니메이션,웨스 앤더슨,브라이언 크랜스턴|에드워드 노튼|빌 머레이|제프 골드블럼|리브 슈라이버|스칼렛 요한슨|틸다 스윈튼|프란시스 맥도맨드,이십세기폭스코리아(주),12세이상관람가,20446,27527,30403,31726,33229
20185341,마녀,125,2018,20180627,장편,한국,액션|미스터리,박훈정,김다미|조민수|박희순|최우식,워너브러더스 코리아(주),15세이상관람가,1272257,2028560,2632397,3115541,3189091
20172469,허스토리,120,2017,20180627,장편,한국,드라마,민규동,김희애|김해숙,(주)넥스트엔터테인먼트월드(NEW),12세이상관람가,246998,297509,317714,327541,337424
20185001,빅샤크: 매직체인지,73,2015,20180627,장편,중국,애니메이션,헤 질리,홍후백|이제인|장병관|김사라|김한나|윤세웅|김경희|이슬,와이드 릴리즈(주),전체관람가,67024,102692,127628,135274,138764
20184721,시카리오: 데이 오브 솔다도,122,2018,20180627,장편,미국,드라마|액션|범죄,스테파노 솔리마,조슈 브롤린|베니치오 델 토로|이사벨라 모너|캐서린 키너,㈜코리아스크린,15세이상관람가,183750,217370,226212,227942,229542
20180522,앤트맨과 와스프,118,2018,20180704,장편,미국,SF|액션|어드벤처,페이튼 리드,폴 러드|에반젤린 릴리,월트디즈니컴퍼니코리아 유한책임회사,12세이상관람가,3186536,4644036,5334244,5439554,5448134
20174369,변산,122,2017,20180704,장편,한국,드라마,이준익,박정민|김고은,메가박스중앙(주)플러스엠,15세이상관람가,358686,464827,486330,489276,490519
20181443,스카이스크래퍼,102,2018,20180711,장편,미국,스릴러|액션,로슨 마샬 터버,드웨인 존슨,유니버설픽쳐스인터내셔널 코리아(유),12세이상관람가,757775,997078,1001092,1001505,1002858
20182564,"오늘 밤, 로맨스 극장에서",108,2018,20180711,장편,일본,멜로/로맨스|판타지,타케우치 히데키,아야세 하루카|사카구치 켄타로,(주)디스테이션,전체관람가,29535,35161,35568,35606,35732
20175221,킬링 디어,120,2017,20180712,장편,영국|미국,스릴러,요르고스 란티모스,콜린 파렐|니콜 키드먼|배리 케오간,오드,청소년관람불가,31297,48015,55144,57744,60520
20183361,인크레더블 2,125,2018,20180718,장편,미국,가족|애니메이션|액션|어드벤처|코미디,브래드 버드,크레이그 T. 넬슨|홀리 헌터|사라 보웰|헉 밀너|사무엘 L. 잭슨,월트디즈니컴퍼니코리아 유한책임회사,전체관람가,1687419,2616266,2969266,3011797,3033105
20186282,이별의 아침에 약속의 꽃을 장식하자,114,2018,20180719,장편,일본,드라마|애니메이션|판타지,오카다 마리,이와미 마나카|이리노 미유,(주)미디어캐슬,12세이상관람가,32031,36493,37203,37467,37769
20186001,신은 죽지 않았다 3: 어둠 속의 빛,104,2018,20180719,장편,미국,드라마,마이클 메이슨,데이빗 A.R. 화이트|존 코빗,(주)영화사 그램|(재)CBS,12세이상관람가,55994,68379,72999,75951,92806
20181181,미션 임파서블: 폴아웃,147,2018,20180725,장편,미국,스릴러|액션,크리스토퍼 맥쿼리,톰 크루즈,롯데컬처웍스(주)롯데엔터테인먼트,15세이상관람가,4394473,5852364,6309612,6472197,6584915
20185242,신비아파트: 금빛 도깨비와 비밀의 동굴,67,2018,20180725,장편,한국,어드벤처|애니메이션|판타지,김병갑,조현정|김영은|김채하|신용우,씨제이이앤엠(주),전체관람가,484967,654992,673464,677024,678091
20170942,인랑,138,2018,20180725,장편,한국,액션|SF,김지운,강동원|한효주|정우성|김무열,워너브러더스 코리아(주),15세이상관람가,869157,895153,896420,897483,899029
20186121,어느 가족,120,2018,20180726,장편,일본,드라마,고레에다 히로카즈,릴리 프랭키|안도 사쿠라|마츠오카 마유|키키 키린|죠 카이리|사사키 미유,(주)티캐스트,15세이상관람가,68148,110702,135621,149873,174424
20186202,신과함께-인과 연,141,2017,20180801,장편,한국,드라마|판타지,김용화,하정우|주지훈|김향기|마동석|김동욱,롯데컬처웍스(주)롯데엔터테인먼트,12세이상관람가,7734966,10538870,11543116,11990430,12276350
20186501,극장판 헬로카봇 : 백악기 시대,84,2018,20180801,장편,한국,애니메이션,김진철|최신규,이지현,(주)넥스트엔터테인먼트월드(NEW),전체관람가,711423,824175,858423,868453,879682
20179044,더 스퀘어,151,2017,20180802,장편,덴마크|스웨덴|독일|프랑스,코미디,루벤 외스틀룬드,클라에스 방|도미닉 웨스트|엘리자베스 모스,아이 엠,15세이상관람가,9226,13217,14840,15643,16915
20181942,맘마미아!2,113,2018,20180808,장편,미국,뮤지컬,올 파커,아만다 사이프리드|릴리 제임스|메릴 스트립|피어스 브로스넌|제레미 어바인|콜린 퍼스|휴 스키너|스텔란 스카스가드|조쉬 딜란,유니버설픽쳐스인터내셔널 코리아(유),12세이상관람가,1218135,1732060,2047499,2195682,2294087
20179101,공작,137,2017,20180808,장편,한국,드라마,윤종빈,황정민|이성민|조진웅|주지훈,씨제이이앤엠(주),12세이상관람가,3099344,4290465,4771482,4910341,4975517
20184802,몬스터 호텔 3,97,2018,20180808,장편,미국,판타지|애니메이션|코미디|가족,젠디 타타코브스키,아담 샌들러|셀레나 고메즈|앤디 샘버그,소니픽쳐스엔터테인먼트코리아주식회사극장배급지점,전체관람가,731191,947087,1031411,1058098,1072220
20187427,명탐정 코난 : 제로의 집행인,110,2018,20180808,장편,일본,애니메이션,타치카와 유즈루,타카야마 미나미|야마자키 와카나|코야마 리키야,씨제이이앤엠(주),12세이상관람가,343488,386081,394410,395852,419998
20183584,메가로돈,113,2018,20180815,장편,미국,SF|액션|공포(호러),존 터틀타웁,도미닉 페이스|캐롤라인 해리스|마이클 매드슨,워너브러더스 코리아(주),12세이상관람가,469426,524391,527036,527331,527962
20170670,목격자,111,2017,20180815,장편,한국,스릴러,조규장,이성민|김상호|진경|곽시양,(주)넥스트엔터테인먼트월드(NEW),15세이상관람가,1696718,2327346,2483483,2520845,2524720
20187641,극장판 도라에몽: 진구의 보물섬,107,2018,20180815,장편,일본,어드벤처|애니메이션|SF,이마이 카즈아키,윤아영|김정아|미즈타 와사비|오오하라 메구미,(주)이수C&E,전체관람가,153993,177354,180305,182063,183220
20187647,나를 차버린 스파이,117,2018,20180822,장편,미국,코미디|액션,수잔나 포겔,밀라 쿠니스|케이트 맥키넌,(주)누리픽쳐스,15세이상관람가,199447,246495,260925,264752,264766
20153446,너의 결혼식,110,2017,20180822,장편,한국,멜로/로맨스,이석근,박보영|김영광,메가박스중앙(주)플러스엠,12세이상관람가,1282312,2149907,2607570,2807586,2820969
20185046,서치,102,2017,20180829,장편,미국,드라마,아니쉬 차간티,존 조|데브라 메싱,소니픽쳐스엔터테인먼트코리아주식회사극장배급지점,12세이상관람가,865844,1951031,2635240,2850155,2950097
20177537,상류사회,119,2018,20180829,장편,한국,드라마,변혁,박해일|수애,롯데컬처웍스(주)롯데엔터테인먼트,청소년관람불가,611671,743264,765402,765757,768442
20189362,업그레이드,100,2018,20180906,장편,미국,액션,리 워넬,로간 마샬그린,유니버설픽쳐스인터내셔널 코리아(유),15세이상관람가,141053,187015,188432,189727,190387
20189261,어드리프트:우리가 함께한 바다,96,2018,20180906,장편,미국,드라마|멜로/로맨스,발타자르 코루마쿠르,쉐일린 우들리|샘 클래플린,(주)이수C&E,12세이상관람가,53602,57664,58084,58907,59039
20188446,양말요정 휴고의 대모험,77,2016,20180906,장편,크로아티아|체코|슬로바키아,애니메이션|어드벤처,갈리나 미클리노바,조연우|크리스토프 하데크,와이드 릴리즈(주),전체관람가,21692,24914,25177,25486,25578
20156554,물괴,105,2017,20180912,장편,한국,사극|액션,허종호,김명민|김인권|혜리|박성웅|박희순|이경영|최우식,롯데컬처웍스(주)롯데엔터테인먼트|씨네그루(주)키다리이엔티,15세이상관람가,685491,714880,720721,720733,723622
20188581,더 프레데터,107,2018,20180912,장편,미국,스릴러|SF|액션,쉐인 블랙,보이드 홀브룩|올리비아 문|트레반트 로즈|스털링 K. 브라운|제이콥 트렘블레이|키건 마이클 키,이십세기폭스코리아(주),청소년관람불가,168592,170426,170848,170878,170878
20188242,타샤 튜더,104,2017,20180913,장편,일본,다큐멘터리,마츠타니 미츠에,타샤 튜더,(주)마노엔터테인먼트,전체관람가,9399,19585,27961,34549,46235
20173734,죄 많은 소녀,113,2017,20180913,장편,한국,미스터리|드라마,김의석,전여빈|서영화|고원희,CGV아트하우스,15세이상관람가,11433,16815,19615,20368,22001
20189262,더 넌,96,2018,20180919,장편,미국,공포(호러),코린 하디,테이사 파미가|데미안 비쉬어|보니 아론스|샬롯 호프,워너브러더스 코리아(주),15세이상관람가,820696,997118,1010638,1011281,1011580
20177308,협상,114,2018,20180919,장편,한국,범죄,이종석,손예진|현빈,씨제이이앤엠(주),15세이상관람가,1312746,1880917,1948885,1958986,1967721
20172204,명당,126,2018,20180919,장편,한국,사극,박희곤,조승우|지성|김성균|문채원|유재명|박충선|백윤식,메가박스중앙(주)플러스엠,12세이상관람가,1675790,2041457,2074113,2081460,2087474
20176122,안시성,135,2018,20180919,장편,한국,액션|사극,김광식,조인성|남주혁|박성웅,(주)넥스트엔터테인먼트월드(NEW),12세이상관람가,3553140,4866007,5268968,5382611,5441020
20189746,극장판 뽀잉: 슈퍼 변신의 비밀,72,2018,20180920,장편,한국,애니메이션,정미화,전태열|엄상현|홍소영|정영웅,(주)시너지미디어|(주)이수C&E,전체관람가,30232,36491,37642,38467,41054
20185222,체실 비치에서,109,2017,20180920,장편,영국,멜로/로맨스|드라마,도미닉 쿡,빌리 하울|시얼샤 로넌,그린나래미디어(주)|(주)키위미디어그룹,15세이상관람가,17153,25616,28952,29906,30421
20180167,에그엔젤 코코밍: 두근두근 핼러윈 파티,68,2018,20180922,장편,일본,애니메이션,닛타 노리오,0,(주)엠제이픽쳐스,전체관람가,39114,43890,45856,46298,46386
20167903,원더풀 고스트,96,2018,20180926,장편,한국,범죄|코미디|드라마,조원희,마동석|김영광|이유영,(주)제이앤씨미디어그룹|TCO(주)더콘텐츠온,12세이상관람가,424891,444179,447483,449146,450378
20189743,파이널 포트레이트,90,2017,20180927,장편,영국,드라마,스탠리 투치,제프리 러쉬|아미 해머|실비 테스튀|클레멘스 포시,(주)팝엔터테인먼트,15세이상관람가,12374,15445,16436,16886,16954
20179189,암수살인,109,2017,20181003,장편,한국,드라마|범죄,김태균,김윤석|주지훈,(주)쇼박스,15세이상관람가,2194824,3033916,3511368,3755885,3789553
20177221,베놈,107,2018,20181003,장편,미국,스릴러|액션|SF,루벤 플레셔,톰 하디|미셀 윌리엄스,소니픽쳐스엔터테인먼트코리아주식회사극장배급지점,15세이상관람가,2687623,3397281,3742645,3876225,3888096
20189123,곰돌이 푸 다시 만나 행복해,103,2018,20181003,장편,미국,어드벤처,마크 포스터,이완 맥그리거|헤일리 앳웰|마크 거티스|짐 커밍스,월트디즈니컴퍼니코리아 유한책임회사,전체관람가,324718,417738,470715,488962,492201
20189462,셜록 놈즈,86,2018,20181003,장편,미국,코미디|애니메이션,존 스티븐슨,조니 뎁|에밀리 블런트|제임스 맥어보이|장민혁|박영재|정주원|장예나,씨네그루(주)키다리이엔티|(주)삼백상회,전체관람가,76930,84346,88161,89933,91036
20180523,스타 이즈 본,135,2018,20181009,장편,미국,멜로/로맨스|드라마,브래들리 쿠퍼,브래들리 쿠퍼|레이디 가가,워너브러더스 코리아(주),15세이상관람가,185177,288324,389696,434533,526100
20189331,리즈와 파랑새,90,2018,20181009,장편,일본,애니메이션,야마다 나오코,타네자키 아츠미|토야마 나오,(주)디스테이션|플레이리스트(주),전체관람가,16451,18367,18839,20278,21210
20180770,다이노 어드벤처2: 육해공 공룡 대백과,71,2018,20181009,장편,영국,가족|애니메이션|액션,마이크 데블린,0,(주)박수엔터테인먼트,전체관람가,35661,42138,43249,43500,43627
20189067,미쓰백,97,2017,20181011,장편,한국,드라마,이지원,한지민|김시아|이희준,(주)리틀빅픽쳐스,15세이상관람가,308844,543667,690556,717265,723110
20186321,퍼스트맨,141,2018,20181018,장편,미국,드라마|SF,데이미언 셔젤,라이언 고슬링|클레어 포이,유니버설픽쳐스인터내셔널 코리아(유),12세이상관람가,535840,655743,662576,663830,665984
20174981,창궐,121,2018,20181025,장편,한국,액션|사극,김성훈,현빈|장동건,(주)넥스트엔터테인먼트월드(NEW),15세이상관람가,1348715,1566695,1595886,1598319,1599621
20182403,크레이지 리치 아시안,120,2018,20181025,장편,미국,코미디|멜로/로맨스,존 추,콘스탄스 우|헨리 골딩|양자경|젬마 찬|아콰피나,워너브러더스 코리아(주),12세이상관람가,138506,151254,153674,154041,154297
20177538,완벽한 타인,115,2018,20181031,장편,한국,코미디|드라마,이재규,유해진|조진웅|이서진|염정아|김지수|송하윤|윤경호,롯데컬처웍스(주)롯데엔터테인먼트,15세이상관람가,2206353,3737433,4572118,5005211,5294154
20181171,바울,107,2018,20181031,장편,미국,드라마,앤드류 하얏트,제임스 펄크너|제임스 카비젤,(재)CBS,15세이상관람가,64088,129485,176984,212860,273346
20185485,보헤미안 랩소디,134,2018,20181031,장편,미국,드라마,브라이언 싱어,라미 말렉|루시 보인턴|귈림 리|벤 하디|조셉 마젤로,이십세기폭스코리아(주),12세이상관람가,964373,2190735,3557360,5115145,9948386
20181404,벽 속에 숨은 마법시계,105,2018,20181031,장편,미국,스릴러|판타지|공포(호러)|미스터리|SF,일라이 로스,잭 블랙|케이트 블란쳇|오웬 바카로,CGV아트하우스,전체관람가,188357,214139,214588,214896,215029
20180987,할로윈,105,2018,20181031,장편,미국,공포(호러),데이빗 고든 그린,제이미 리 커티스|주디 그리어,유니버설픽쳐스인터내셔널 코리아(유),청소년관람불가,101891,107467,107651,108000,108780
20181879,나츠메 우인장: 세상과 연을 맺다,104,2018,20181031,장편,일본,애니메이션,이토 히데키|오오모리 타카히로,카미야 히로시|이노우에 카즈히코,(주)애니플러스,전체관람가,27612,38226,43694,45708,47014
20189281,폴란드로 간 아이들,78,2018,20181031,장편,한국,드라마|다큐멘터리,추상미,추상미|이송,커넥트픽쳐스(주),전체관람가,31562,37536,40826,43229,51078
20181367,캡틴 스터비,84,2018,20181101,장편,영국|미국|아일랜드|프랑스|캐나다,전쟁|애니메이션|어드벤처|가족,리처드 라니,로건 레먼|제라르 드파르디외|헬레나 본햄 카터,(주)디스테이션,전체관람가,19442,23335,24091,24740,24788
20182693,구스범스: 몬스터의 역습,89,2018,20181107,장편,미국,어드벤처|판타지,아리 산델,웬디 맥렌던 커비|매디슨 아이즈먼|크리스 파넬|켄 정,소니픽쳐스엔터테인먼트코리아주식회사극장배급지점,12세이상관람가,22901,24735,24922,25857,25857
20183063,박물관이 진짜 살아있다,86,2017,20181108,장편,체코,코미디|애니메이션|어드벤처,이나 예블라니코바|마틴 코틱,0,(주)팝엔터테인먼트,전체관람가,22532,26300,27271,27921,28064
20176814,신비한 동물들과 그린델왈드의 범죄,133,2018,20181114,장편,미국,판타지,데이빗 예이츠,에디 레드메인|캐서린 워터스톤|앨리슨 수돌|에즈라 밀러|주드 로|조니 뎁|칼럼 터너,워너브러더스 코리아(주),12세이상관람가,1756170,2258557,2384642,2408516,2414195
20182935,출국,104,2018,20181114,장편,한국,드라마,노규엽,이범수,0,15세이상관람가,58835,75668,79713,80891,81880
20189869,해피 투게더,110,2018,20181115,장편,한국,코미디|드라마,김정환,박성웅|송새벽|최로운,플레이리스트(주),12세이상관람가,21596,24605,26021,26759,27046
20184481,성난황소,115,2018,20181122,장편,한국,액션|범죄,김민호,마동석|송지효|김성오,(주)쇼박스,15세이상관람가,1227499,1531229,1583781,1593180,1593386
20183073,베일리 어게인,100,2017,20181122,장편,미국,코미디|어드벤처|드라마,라세 할스트롬,조시 게드|데니스 퀘이드,(주)홈초이스,전체관람가,62140,85567,91825,93427,93801
20184514,꼬마비행기 피티와 친구들:사막구출 대작전,73,2016,20181122,장편,중국,애니메이션,루카스 퀴아오,치엔 펑|제임스 라라비,와이드 릴리즈(주),전체관람가,11216,12672,13534,13710,13710
20182669,툴리,95,2018,20181122,장편,캐나다,드라마,제이슨 라이트맨,맥켄지 데이비스|샤를리즈 테론,(주)리틀빅픽쳐스,15세이상관람가,29992,35427,36501,36718,37385
20177552,국가부도의 날,114,2018,20181128,장편,한국,드라마,최국희,김혜수|유아인|허준호|조우진,씨제이이앤엠(주),12세이상관람가,1984190,2983724,3676170,3740044,3755233
20183007,거미줄에 걸린 소녀,115,2018,20181128,장편,미국,범죄|액션|스릴러,페드 알바레즈,클레어 포이,소니픽쳐스엔터테인먼트코리아주식회사극장배급지점,15세이상관람가,31187,32124,32327,32418,32418
20178825,모털 엔진,128,2018,20181205,장편,미국,SF|액션|어드벤처,크리스찬 리버스,헤라 힐마|로버트 시한|휴고 위빙|지혜|스티븐 랭,유니버설픽쳐스인터내셔널 코리아(유),12세이상관람가,241039,267272,267896,268196,268921
20183745,런닝맨 : 풀룰루의 역습,66,2018,20181205,장편,한국,애니메이션,윤준상,김서영|권창욱|엄상현|김연우|강시현|전태열,(주)넥스트엔터테인먼트월드(NEW),전체관람가,131103,183748,186835,186922,187777
20179230,도어락,102,2018,20181205,장편,한국,드라마|스릴러,이권,공효진,메가박스중앙(주)플러스엠,15세이상관람가,1035521,1519163,1556445,1560080,1561258
20189843,호두까기 인형과 4개의 왕국,99,2018,20181206,장편,미국,드라마|판타지,조 존스톤|라세 할스트롬,맥켄지 포이|키이라 나이틀리|헬렌 미렌|모건 프리먼,월트디즈니컴퍼니코리아 유한책임회사,전체관람가,303562,444191,501743,517122,518272
20183288,헌터 킬러,121,2017,20181206,장편,미국,스릴러|액션,도노반 마시,제라드 버틀러|게리 올드만,씨네그루(주)키다리이엔티,15세이상관람가,45765,55644,56394,56587,57032
20183238,스파이더맨: 뉴 유니버스,116,2018,20181212,장편,미국,가족|애니메이션|액션,로드니 로스맨|밥 퍼시케티|피터 램지,샤메익 무어|헤일리 스테인펠드|니콜라스 케이지|제이크 존슨|리브 슈라이버|마허샬라 알리,소니픽쳐스엔터테인먼트코리아주식회사극장배급지점,12세이상관람가,469846,588725,659110,686441,723450
20181764,모어 댄 블루,106,2018,20181212,장편,대만,드라마|멜로/로맨스,임효겸,류이호|진의함,오드,12세이상관람가,26262,26905,27177,27287,27287
20182082,부탁 하나만 들어줘,116,2018,20181212,장편,미국,미스터리|스릴러,폴 페이그,안나 켄드릭|블레이크 라이블리,(주)팝엔터테인먼트,청소년관람불가,106592,111516,116345,118381,119016
20175547,스윙키즈,133,2018,20181219,장편,한국,드라마,강형철,디오|자레드 그라임스|박혜수|오정세|김민호,(주)넥스트엔터테인먼트월드(NEW),12세이상관람가,974206,1348088,1453102,1466284,1473125
20168773,마약왕,139,2017,20181219,장편,한국,드라마|범죄,우민호,송강호|조정석|배두나,(주)쇼박스,청소년관람불가,1662544,1839636,1862343,1863512,1864076
20180290,아쿠아맨,143,2018,20181219,장편,호주|미국,액션,제임스 완,제이슨 모모아|앰버 허드|니콜 키드먼|패트릭 윌슨,워너브러더스 코리아(주),12세이상관람가,2269150,3981052,4705125,4976605,5040430
20182421,그린치,89,2018,20181219,장편,미국,코미디|애니메이션,스콧 모시어,베네딕트 컴버배치,유니버설픽쳐스인터내셔널 코리아(유),전체관람가,366873,528415,548287,550890,552970
20183479,극장판 짱구는 못말려: 아뵤! 쿵후 보이즈 ~라면 대란~,103,2018,20181219,장편,일본,애니메이션,타카하시 와타루,박영남|강희선|김환진|여민정,씨제이이앤엠(주),전체관람가,197717,316992,347426,352714,353012
20183375,극장판 포켓몬스터 모두의 이야기,98,2018,20181219,장편,일본,애니메이션,야지마 테츠오,마츠모토 리카|오오타니 이쿠에,(주)이수C&E,전체관람가,140595,182238,188209,194659,194692
20186281,범블비,113,2018,20181225,장편,미국,SF|액션|어드벤처,트래비스 나이트,헤일리 스테인펠드|존 시나,롯데컬처웍스(주)롯데엔터테인먼트,12세이상관람가,1299768,1522691,1558872,1560600,1561643
20183785,점박이 한반도의 공룡2 : 새로운 낙원,93,2018,20181225,장편,한국,애니메이션,한상호,박희순|라미란|김성균,(주)넥스트엔터테인먼트월드(NEW),전체관람가,435886,532511,547515,548781,550147
20170658,PMC: 더 벙커,124,2018,20181226,장편,한국,액션,김병우,하정우|이선균,씨제이이앤엠(주),15세이상관람가,1424190,1648387,1668722,1669747,1671548
