movieCd,movieNm,showTm,prdtYear,openDt,typeNm,nations,genres,directors,actors,companys,audits
20157042,셜록: 유령신부,114,2015,20160102,장편,영국,드라마|범죄,더글라스 맥키넌,베네딕트 컴버배치|마틴 프리먼,메가박스중앙(주)플러스엠,12세이상관람가
20153087,포인트 브레이크,113,2015,20160107,장편,미국,액션|범죄,에릭슨 코어,루크 브레시|에드가 라미레즈|테레사 팔머,(주)시네마서비스|(주)나이너스엔터테인먼트,15세이상관람가
20150024,짱구는 못말려 극장판: 나의 이사 이야기 선인장 대습격,103,2015,20160107,장편,일본,애니메이션,하시모토 마사카즈,박영남|김환진|강희선|여민정|야지마 아키코|나라하시 미키|후지와라 케이지|코오로기 사토미,(주)넥스트엔터테인먼트월드(NEW),전체관람가
20155422,굿 다이노,100,2015,20160107,장편,미국,코미디|애니메이션|어드벤처,피터 손,레이몬드 오초아|잭 브라이트,월트디즈니컴퍼니코리아(주),전체관람가|전체관람가
20142641,나를 잊지 말아요,106,2015,20160107,장편,한국,멜로/로맨스,이윤정,정우성|김하늘,씨제이이앤엠(주),15세이상관람가
20158882,유스,123,2015,20160107,장편,영국|이탈리아|프랑스|스위스,드라마,파올로 소렌티노,마이클 케인|하비 케이틀|레이첼 와이즈|폴 다노|제인 폰다,그린나래미디어(주),15세이상관람가
20159510,헤이트풀8,167,2015,20160107,장편,미국,서부극(웨스턴)|액션|스릴러,쿠엔틴 타란티노,사무엘 L. 잭슨|커트 러셀|제니퍼 제이슨 리|월튼 고긴스|데미안 비쉬어|팀 로스|마이클 매드슨|브루스 던|채닝 테이텀,(주)누리픽쳐스,청소년관람불가
20152370,잡아야 산다,96,2015,20160107,장편,한국,액션|코미디,오인천,김승우|김정태,오퍼스픽쳐스(유),15세이상관람가
20154001,레버넌트: 죽음에서 돌아온 자,156,2015,20160114,장편,미국,드라마|어드벤처,알레한드로 곤잘레스 이냐리투,레오나르도 디카프리오|톰 하디,이십세기폭스코리아(주),15세이상관람가
20157158,구스범스,103,2015,20160114,장편,미국,코미디|액션|어드벤처,롭 레터맨,잭 블랙|딜런 미네트|오데야 러쉬|라이언 리,유니버설픽쳐스인터내셔널 코리아(유),12세이상관람가|12세이상관람가
20068576,그날의 분위기,103,2015,20160114,장편,한국,멜로/로맨스,조규장,문채원|유연석,(주)쇼박스,15세이상관람가
20158483,오빠생각,123,2015,20160121,장편,한국,전쟁|드라마,이한,임시완|정준원|이레|고아성|이희준,(주)넥스트엔터테인먼트월드(NEW),12세이상관람가
20150566,극장판 꼬마버스 타요의 에이스 구출작전,48,2015,20160121,장편,한국,애니메이션,류정우,문남숙|정혜옥|최하나|김영선,(주)아이코닉스,전체관람가
20159199,빅쇼트,130,2015,20160121,장편,미국,드라마,아담 맥케이,크리스찬 베일|스티브 카렐|라이언 고슬링|브래드 피트,롯데쇼핑㈜롯데엔터테인먼트,청소년관람불가
20150461,스티브 잡스,122,2015,20160121,장편,미국,드라마,대니 보일,마이클 패스벤더|케이트 윈슬렛|세스 로건,유니버설픽쳐스인터내셔널 코리아(유),12세이상관람가
20157466,"로봇, 소리",117,2015,20160127,장편,한국,드라마,이호재,이성민|이희준|이하늬|김원해|채수빈|전혜진|심은경,롯데쇼핑㈜롯데엔터테인먼트,12세이상관람가
20151803,쿵푸팬더3,94,2015,20160128,장편,미국,어드벤처|애니메이션|액션,알레산드로 칼로니|여인영,잭 블랙|안젤리나 졸리|더스틴 호프만,씨제이이앤엠(주),전체관람가|전체관람가
20159445,세기의 매치,114,2014,20160128,장편,미국,드라마,에드워드 즈윅,토비 맥과이어|리브 슈라이버|피터 사스가드,판씨네마(주),12세이상관람가
20145507,검사외전,126,2015,20160203,장편,한국,코미디|범죄,이일형,황정민|강동원,(주)쇼박스,15세이상관람가
20159657,최강전사 미니특공대: 영웅의 탄생,68,2016,20160204,장편,한국,애니메이션,이영준,0,(주)삼지애니메이션,전체관람가
20150942,캐롤,118,2015,20160204,장편,영국|미국,드라마,토드 헤인즈,케이트 블란쳇|루니 마라,CGV아트하우스,청소년관람불가
20159059,앨빈과 슈퍼밴드: 악동 어드벤처,91,2015,20160204,장편,미국,코미디|애니메이션|어드벤처,월트 벡커,저스틴 롱|제이슨 리|매튜 그레이 구블러|제시 맥카트니,이십세기폭스코리아(주),전체관람가
20156080,나쁜놈은 죽는다,103,2015,20160204,장편,한국|중국,액션|코미디,손호,손예진|진백림,TCO(주)더콘텐츠온|(유)조이앤시네마,15세이상관람가
20150456,드레스메이커,118,2015,20160211,장편,호주,드라마,조셀린 무어하우스,케이트 윈슬렛|주디 데이비스|리암 헴스워스|휴고 위빙,(주)리틀빅픽쳐스,15세이상관람가
20150725,극장판 아이엠스타 : 꿈의 오디션!,88,2014,20160211,장편,일본,애니메이션,키무라 류이치,정혜원|이용신|김채하|소연|여윤미|모로호시 스미레|타도코로 아즈사|오오하시 아야카,씨제이이앤엠(주),전체관람가
20150903,번개맨,72,2015,20160211,장편,한국,가족|판타지,조근현,정현진|루나,씨네그루(주)키다리이엔티,전체관람가
20155501,주토피아,108,2015,20160217,장편,미국,어드벤처|애니메이션|액션,리치 무어|바이론 하워드,지니퍼 굿윈|제이슨 베이트먼,월트디즈니컴퍼니코리아(주),전체관람가|전체관람가
20150977,좋아해줘,122,2015,20160217,장편,한국,코미디|멜로/로맨스,박현진,이미연|최지우|김주혁|유아인|강하늘|이솜,씨제이이앤엠(주),12세이상관람가
20153781,데드풀,107,2016,20160217,장편,미국,SF|액션,팀 밀러,라이언 레이놀즈,이십세기폭스코리아(주),청소년관람불가
20158482,동주,110,2015,20160217,장편,한국,드라마,이준익,강하늘|박정민,메가박스중앙(주)플러스엠,12세이상관람가
20155020,대니쉬 걸,119,2015,20160217,장편,영국|미국,드라마,톰 후퍼,에디 레드메인|알리시아 비칸데르,유니버설픽쳐스인터내셔널 코리아(유),청소년관람불가
20151111,빌리와 용감한 녀석들: 치킨 히어로,83,2015,20160217,장편,멕시코|미국,애니메이션,로돌포 리바 팔라시오 알라트리스테|가브리엘 리바 팔라시오 알라트리스테,이재범|김혜성|이경태|브루노 비처|안젤리카 베일|오마르 차파로,(주)박수엔터테인먼트|㈜코리아스크린,전체관람가
20150565,스포트라이트,128,2015,20160224,장편,미국,스릴러|드라마,토마스 맥카시,마이클 키튼|마크 러팔로|레이첼 맥아담스,(주)팝엔터테인먼트,15세이상관람가
20161364,귀향,127,2015,20160224,장편,한국,드라마,조정래,박지희|강하나|서미지|홍세나|김시은|남상지|최리|정무성|김민수|류신|임성철|이승현|오지혜|정인기,(주)와우픽쳐스,15세이상관람가
20151021,순정,113,2015,20160224,장편,한국,드라마,이은희,디오|김소현|연준석|이다윗|주아름|박해준|김지호|박용우,(주)리틀빅픽쳐스,12세이상관람가
20161382,레터스 투 갓,113,2010,20160225,장편,미국,드라마|가족,데이빗 닉슨,태너 맥과이어|제프리 존슨|로빈 리블리,(주)모멘텀엔터테인먼트,전체관람가
20161745,제 5침공,112,2015,20160225,장편,미국,SF|액션|어드벤처,J 블레이크슨,클로이 모레츠,유니버설픽쳐스인터내셔널 코리아(유),12세이상관람가
20145502,남과 여,115,2015,20160225,장편,한국,멜로/로맨스,이윤기,전도연|공유,(주)쇼박스,청소년관람불가
20161630,13시간,144,2016,20160303,장편,미국,스릴러|액션|드라마,마이클 베이,존 크래신스키|제임스 뱃지 데일|맥스 마티니|파블로 쉬레이버|데이비드 덴맨|토비 스티븐스|도미닉 푸무사,롯데쇼핑㈜롯데엔터테인먼트,15세이상관람가
20156063,룸,117,2015,20160303,장편,캐나다|아일랜드,드라마,레니 에이브러햄슨,브리 라슨|제이콥 트렘블레이|조안 알렌,(주)영화사 빅,15세이상관람가
20159162,갓 오브 이집트,126,2016,20160303,장편,미국,판타지|어드벤처,알렉스 프로야스,제라드 버틀러|니콜라이 코스터 왈도|브렌튼 스웨이츠,(주)시네마서비스|(주)나이너스엔터테인먼트,12세이상관람가|12세이상관람가
20145396,널 기다리며,108,2015,20160310,장편,한국,스릴러,모홍진,심은경|윤제문|김성오,(주)넥스트엔터테인먼트월드(NEW),청소년관람불가
20151884,런던 해즈 폴른,97,2016,20160310,장편,영국|미국,스릴러|액션|범죄,바박 나자피,제라드 버틀러|아론 에크하트|모건 프리먼,메가박스중앙(주)플러스엠,15세이상관람가
20161781,엽문3: 최후의 대결,104,2015,20160310,장편,홍콩,드라마|액션,엽위신,견자단|장진|슝다이린|담요문,씨네그루(주)키다리이엔티,12세이상관람가
20158529,조이,124,2015,20160310,장편,미국,드라마|코미디,데이빗 O. 러셀,제니퍼 로렌스|로버트 드 니로|브래들리 쿠퍼,이십세기폭스코리아(주),12세이상관람가
20162381,일사각오,115,2016,20160317,장편,한국,드라마,고문안|권혁만,이지형,파이오니아21,12세이상관람가
20161881,부활,107,2016,20160317,장편,미국,드라마,케빈 레이놀즈,조셉 파인즈,유니버설픽쳐스인터내셔널 코리아(유),12세이상관람가
20161583,스푹스:MI5,104,2015,20160317,장편,영국,스릴러|액션|드라마,바랫 낼러리,키트 해링턴|피터 퍼스|제니퍼 엘|엘예스 가벨,(주)영화사 빅,15세이상관람가
20161968,오 마이 그랜파,99,2015,20160317,장편,미국,코미디,댄 마저,로버트 드 니로|잭 에프론,판씨네마(주),청소년관람불가
20152781,배트맨 대 슈퍼맨: 저스티스의 시작,151,2016,20160324,장편,미국,판타지|액션|어드벤처,잭 스나이더,벤 애플렉|헨리 카빌,워너브러더스 코리아(주),12세이상관람가|12세이상관람가
20159643,글로리데이,92,2015,20160324,장편,한국,드라마,최정열,지수|수호|류준열|김희찬,(주)엣나인필름,15세이상관람가
20161921,"헤일, 시저!",105,2016,20160324,장편,미국,드라마|코미디,에단 코엔|조엘 코엔,조슈 브롤린|조지 클루니|스칼렛 요한슨|랄프 파인즈|채닝 테이텀|틸다 스윈튼|엘든 이렌리치|조나 힐,유니버설픽쳐스인터내셔널 코리아(유),12세이상관람가
20150902,대배우,108,2015,20160330,장편,한국,코미디,석민우,오달수|윤제문|이경영,(주)대명문화공장|(주)리틀빅픽쳐스,12세이상관람가
20161905,나의 그리스식 웨딩 2,94,2016,20160330,장편,미국,코미디,커크 존스,니아 발다로스|존 코빗|엘레나 캠푸리스,(주)이수C&E,15세이상관람가
20162001,포레스트: 죽음의 숲,93,2016,20160330,장편,미국,공포(호러),제이슨 자다,나탈리 도머|테일러 키니,유니버설픽쳐스인터내셔널 코리아(유),12세이상관람가
20161594,마음이 외치고 싶어해,119,2015,20160330,장편,일본,애니메이션,나가이 타츠유키,미나세 이노리|우치야마 코우키|아마미야 소라|호소야 요시마사|후지와라 케이지|요시다 요,스튜디오 프로그레시브 인큐베이터,12세이상관람가
20162161,미스컨덕트,105,2015,20160330,장편,미국,스릴러|범죄,시모사와 신타로,조쉬 더하멜|안소니 홉킨스|알 파치노|이병헌,(주)박수엔터테인먼트|㈜코리아스크린,15세이상관람가
20152782,"날, 보러와요",90,2015,20160407,장편,한국,스릴러|미스터리,이철하,강예원|이상윤|최진호,메가박스중앙(주)플러스엠,청소년관람불가
20162065,클로버필드 10번지,103,2016,20160407,장편,미국,스릴러|미스터리,댄 트라첸버그,메리 엘리자베스 윈스티드|존 굿맨|존 갤러거 주니어,롯데쇼핑㈜롯데엔터테인먼트,15세이상관람가
20161964,독수리 에디,106,2016,20160407,장편,미국,드라마,덱스터 플레처,태런 에저튼|휴 잭맨,이십세기폭스코리아(주),12세이상관람가
20162245,33,126,2015,20160407,장편,칠레|미국,드라마,패트리시아 리건,안토니오 반데라스|로드리고 산토로|줄리엣 비노쉬,(주)나이너스엔터테인먼트,12세이상관람가
20161870,트럼보,124,2015,20160407,장편,미국,드라마,제이 로치,브라이언 크랜스턴|다이안 레인|헬렌 미렌|엘르 패닝,그린나래미디어(주)|(주)프레인글로벌,15세이상관람가
20150470,라스트 홈,112,2014,20160407,장편,미국,드라마,라민 바흐러니,앤드류 가필드|마이클 섀넌,(주)브리즈픽처스,15세이상관람가
20145506,해어화,120,2015,20160413,장편,한국,드라마|사극,박흥식,한효주|천우희|유연석,롯데쇼핑㈜롯데엔터테인먼트,15세이상관람가
20142621,시간이탈자,107,2015,20160413,장편,한국,스릴러,곽재용,임수정|조정석|이진욱,씨제이이앤엠(주),15세이상관람가
20158984,헌츠맨: 윈터스 워,113,2016,20160413,장편,미국,어드벤처|액션,세딕 니콜라스 트로얀,크리스 헴스워스|에밀리 블런트|제시카 차스테인|샤를리즈 테론,유니버설픽쳐스인터내셔널 코리아(유),12세이상관람가|12세이상관람가
20162431,극장판 프랭키와 친구들: 생명의 나무,71,2016,20160413,장편,한국,애니메이션,박정오,이소은|안영미|김민정|최승훈,예지림엔터테인먼트,전체관람가
20145182,4등,119,2014,20160413,장편,한국,드라마,정지우,박해준|이항나|유재상,(주)프레인글로벌|CGV아트하우스,15세이상관람가
20162321,트리플 9,115,2016,20160420,장편,미국,스릴러|범죄,존 힐코트,치웨텔 에지오포|케이트 윈슬렛|안소니 마키|우디 해럴슨|캐시 애플렉|노만 리더스|아론 폴|갤 가돗|테레사 팔머,(주)리틀빅픽쳐스,청소년관람불가
20162206,브루클린,111,2016,20160421,장편,미국,멜로/로맨스|드라마,존 크로울리,도널 글리슨|시얼샤 로넌,이십세기폭스코리아(주),12세이상관람가
20162621,파라노말 액티비티: 더 고스트 디멘션,87,2015,20160421,장편,미국,공포(호러)|미스터리,그레고리 플로킨,크리스 J. 머레이|브릿 쇼,(주)박수엔터테인먼트,15세이상관람가|15세이상관람가
20159641,위대한 소원,93,2016,20160421,장편,한국,드라마|코미디,남대중,류덕환|김동영|안재홍|전노민|전미선,(주)넥스트엔터테인먼트월드(NEW),15세이상관람가
20159364,캡틴 아메리카: 시빌 워,147,2015,20160427,장편,미국,스릴러|액션|SF,조 루소|안소니 루소,크리스 에반스|로버트 다우니 주니어,월트디즈니컴퍼니코리아(주),12세이상관람가|12세이상관람가
20161842,태양 아래,91,2015,20160427,장편,독일|체코|러시아,다큐멘터리,비탈리 만스키,0,THE 픽쳐스,전체관람가
20162299,시크릿 인 데어 아이즈,110,2015,20160427,장편,미국,스릴러|미스터리,빌리 레이,치웨텔 에지오포|니콜 키드먼|줄리아 로버츠,판씨네마(주),15세이상관람가
20142406,탐정 홍길동: 사라진 마을,125,2016,20160504,장편,한국,액션|드라마,조성희,이제훈|김성균,씨제이이앤엠(주),15세이상관람가
20162300,매직브러시,80,2016,20160504,장편,중국,애니메이션,쯔씽 쫑,김서영|김경희|박상훈|홍진욱|소역침|맹상룡|홍해천,(주)영화사 빅,전체관람가
20162542,다이노소어 어드벤처 : 백악기 공룡대백과,83,2015,20160504,장편,영국,다큐멘터리,앤드류 코헨|닐 나이팅게일|베리 쿡,0,(주)박수엔터테인먼트|(주)애니플러스,전체관람가|전체관람가
20162704,극장판 안녕 자두야,75,2016,20160504,장편,한국,애니메이션,손석우,여민정|양정화,씨제이이앤엠(주),전체관람가
20162461,다이노X 탐험대,71,2016,20160504,장편,한국,다큐멘터리|애니메이션,이동희,정준하|하하,(주)이수C&E,전체관람가
20158888,45년 후,95,2015,20160505,장편,영국,멜로/로맨스|드라마,앤드류 헤이,샬롯 램플링|톰 커트니,판씨네마(주),15세이상관람가
20163137,나의 소녀시대,134,2015,20160512,장편,대만,드라마|멜로/로맨스,프랭키 첸,송운화|왕대륙|이옥새|간정예,오드,15세이상관람가
20140194,곡성,156,2016,20160512,장편,미국|한국,드라마|미스터리|스릴러,나홍진,곽도원|황정민|쿠니무라 준|천우희|김환희,이십세기폭스코리아(주),15세이상관람가
20143509,엽기적인 그녀 2,99,2015,20160512,장편,한국,코미디|멜로/로맨스,조근식,차태현|빅토리아,(주)리틀빅픽쳐스,15세이상관람가
20162627,다이버전트 시리즈: 얼리전트,120,2016,20160512,장편,미국,SF|액션|어드벤처,로베르트 슈벤트케,쉐일린 우들리|테오 제임스,씨네그루(주)키다리이엔티,12세이상관람가
20156559,계춘할망,116,2016,20160519,장편,한국,드라마|가족,창,윤여정|김고은,(주)콘텐츠 난다긴다,15세이상관람가
20163018,싱 스트리트,105,2016,20160519,장편,미국|아일랜드|영국,멜로/로맨스|드라마,존 카니,퍼디아 월시 필로|루시 보인턴,(주)이수C&E,15세이상관람가
20156207,앵그리버드 더 무비,97,2016,20160519,장편,핀란드|미국,애니메이션,클레이 케이티스|퍼갈 레일리,신용우|신동엽|정영웅|제이슨 서디키스|조시 게드|대니 맥브라이드,유니버설픽쳐스인터내셔널 코리아(유),전체관람가|전체관람가
20163182,하드코어 헨리,96,2016,20160519,장편,러시아|미국,SF|액션|어드벤처,일리야 나이슐러,샬토 코플리|팀 로스,㈜코리아스크린|와이드 릴리즈(주),청소년관람불가
20163322,동급생,60,2016,20160519,장편,일본,드라마|애니메이션,나카무라 쇼코,노지마 켄지|카미야 히로시,(주)박수엔터테인먼트,15세이상관람가
20163441,몽키킹2: 서유기 여정의 시작,119,2016,20160519,장편,중국,판타지|액션,정보서,곽부성|공리|풍소봉|샤오선양|나중겸|진혜림,THE 픽쳐스,12세이상관람가
20150523,엑스맨: 아포칼립스,145,2016,20160525,장편,미국,SF|액션|어드벤처|판타지,브라이언 싱어,제임스 맥어보이|마이클 패스벤더|제니퍼 로렌스|오스카 아이삭|니콜라스 홀트,이십세기폭스코리아(주),12세이상관람가|12세이상관람가
20162569,오베라는 남자,115,2015,20160525,장편,스웨덴,드라마,하네스 홀름,롤프 라스가드|바하 파르스|필립 베리,(주)싸이더스|(주)디스테이션,12세이상관람가
20153182,썸니아,96,2015,20160525,장편,미국,공포(호러)|판타지,마이크 플래너건,케이트 보스워스|토마스 제인|제이콥 트렘블레이,(주)박수엔터테인먼트,15세이상관람가
20144444,아가씨,144,2016,20160601,장편,한국,드라마|스릴러,박찬욱,김민희|김태리|하정우,씨제이이앤엠(주),청소년관람불가
20163215,미 비포 유,110,2016,20160601,장편,미국,드라마|멜로/로맨스,테아 샤록,에밀리아 클라크|샘 클래플린,워너브러더스 코리아(주),12세이상관람가
20158242,무서운 이야기 3 : 화성에서 온 소녀,93,2016,20160601,옴니버스,한국,공포(호러),김선|민규동|김곡|백승빈,임슬옹|경수진|박정민|홍은희|차지연,롯데쇼핑㈜롯데엔터테인먼트,15세이상관람가
20162925,더 보이,97,2015,20160601,장편,미국,스릴러|공포(호러),윌리엄 브렌트 벨,루퍼트 에반스|로렌 코핸,(주)리틀빅픽쳐스,15세이상관람가
20163201,바다 탐험대 옥토넛 시즌4: 아슬아슬 구조대작전,68,2016,20160602,장편,영국,어드벤처|애니메이션,다라 오코넬,하성용|정재헌|엄상현|윤승희|김정은|유동균|김율|한경화,와이드 릴리즈(주),전체관람가
20163841,플래그 더 문,94,2015,20160602,장편,스페인,어드벤처|애니메이션,엔리케 가토,이경태|이지현,(주)박수엔터테인먼트,전체관람가
20158150,워크래프트: 전쟁의 서막,122,2016,20160609,장편,미국,판타지|액션|어드벤처,던칸 존스,트래비스 핌멜|벤 포스터|폴라 패튼|도미닉 쿠퍼|클랜시 브라운|토비 켑벨,유니버설픽쳐스인터내셔널 코리아(유),12세이상관람가|12세이상관람가
20162941,컨저링 2,131,2016,20160609,장편,미국,공포(호러),제임스 완,베라 파미가|패트릭 윌슨,워너브러더스 코리아(주),15세이상관람가
20162967,정글북,105,2015,20160609,장편,미국,드라마|어드벤처,존 파브로,닐 세티|빌 머레이|스칼렛 요한슨|벤 킹슬리|이드리스 엘바|루비타 뇽,월트디즈니컴퍼니코리아(주),12세이상관람가|12세이상관람가
20163164,본 투 비 블루,97,2015,20160609,장편,미국|캐나다|영국,드라마,로버트 뷔드로,에단 호크,그린나래미디어(주),청소년관람불가
20163981,극장판 유희왕 더 다크 사이드 오브 디멘션즈,130,2016,20160609,장편,일본,애니메이션,쿠와바라 사토시,엄상현|장성호|카자마 슌스케|츠다 켄지로,(주)넥스트엔터테인먼트월드(NEW),전체관람가
20159645,특별수사: 사형수의 편지,120,2015,20160616,장편,한국,드라마|범죄,권종관,김명민|김상호,(주)넥스트엔터테인먼트월드(NEW),15세이상관람가
20150385,닌자터틀 : 어둠의 히어로,112,2016,20160616,장편,미국,어드벤처|액션,데이브 그린,메간 폭스|스티븐 아멜|윌 아넷|로라 리니|피트 플로첵|앨런 리치슨,롯데쇼핑㈜롯데엔터테인먼트,12세이상관람가|12세이상관람가
19818004,불의 전차,123,1981,20160616,장편,영국,드라마,휴 허드슨,벤 크로스|이안 찰슨|나이젤 하버스|셰릴 캠벨|앨리스 크리게,(주)프레인글로벌,12세이상관람가
20150782,인디펜던스 데이 : 리써전스,119,2016,20160622,장편,미국,SF|액션|어드벤처,롤랜드 에머리히,빌 풀먼|리암 헴스워스|제프 골드블럼|비비카 A. 폭스|제시 어셔,이십세기폭스코리아(주),12세이상관람가|12세이상관람가
20163202,크리미널,111,2016,20160622,장편,미국|영국,범죄|액션,아리엘 브로멘,케빈 코스트너|게리 올드만|라이언 레이놀즈|토미 리 존스|갤 가돗,(주)영화사 빅,15세이상관람가
20140704,비밀은 없다,102,2015,20160623,장편,한국,스릴러,이경미,손예진|김주혁,씨제이이앤엠(주),청소년관람불가
20150972,굿바이 싱글,119,2016,20160629,장편,한국,드라마|코미디,김태곤,김혜수|마동석|김현수,(주)쇼박스,15세이상관람가
20154906,사냥,92,2016,20160629,장편,한국,액션,이우철,안성기|조진웅|한예리|권율,롯데쇼핑㈜롯데엔터테인먼트,15세이상관람가
20163661,레전드 오브 타잔,109,2016,20160629,장편,미국,어드벤처|액션,데이빗 예이츠,알렉산더 스카스가드|사무엘 L. 잭슨|마고 로비|크리스토프 왈츠,워너브러더스 코리아(주),12세이상관람가|12세이상관람가
20159058,도리를 찾아서,102,2016,20160706,장편,미국,코미디|애니메이션|어드벤처,앤드류 스탠튼,엘렌 드제네레스|헤이든 롤렌스|알버트 브룩스,월트디즈니컴퍼니코리아(주),전체관람가|전체관람가
20159644,봉이 김선달,120,2016,20160706,장편,한국,사극,박대민,유승호|조재현|고창석|라미란|시우민,씨제이이앤엠(주),12세이상관람가
20163962,잔예 - 살아서는 안되는 방,100,2015,20160707,장편,일본,미스터리|공포(호러),나카무라 요시히로,다케우치 유코|하시모토 아이,(주)넥스트엔터테인먼트월드(NEW),15세이상관람가
20150203,나우 유 씨 미 2,129,2016,20160713,장편,미국,액션|범죄,존 추,제시 아이젠버그|마크 러팔로|우디 해럴슨|데이브 프랭코|리지 캐플란,롯데쇼핑㈜롯데엔터테인먼트,12세이상관람가
20165201,언더 워터,86,2016,20160713,장편,미국,스릴러|공포(호러),자움 콜렛 세라,블레이크 라이블리|오스카 자에나다,유니버설픽쳐스인터내셔널 코리아(유),15세이상관람가
20163961,데몰리션,100,2016,20160713,장편,미국,드라마,장 마크 발레,제이크 질렌할|나오미 왓츠,(주)리틀빅픽쳐스,청소년관람불가
20158982,트릭,94,2016,20160713,장편,한국,드라마|스릴러,이창열,이정진|강예원|김태훈,(주)스톰픽쳐스코리아|(주)이수C&E,15세이상관람가
20162572,더 웨이브,104,2015,20160713,장편,노르웨이,드라마|액션,로아 우타우,크리스토퍼 조너|아네 달 토르프|조나스 호프 오프테브로|에디트 하겐루드-산드레,(주)팝엔터테인먼트,12세이상관람가
20165130,나의 산티아고,92,2015,20160714,장편,독일,코미디,줄리아 폰 하인츠,데이비드 스트리에소브|마티나 게덱|카롤리네 슈흐,(주)영화사 진진,12세이상관람가
20156564,부산행,118,2016,20160720,장편,한국,스릴러|액션,연상호,공유|정유미|마동석|김수안|김의성|최우식|안소희,(주)넥스트엔터테인먼트월드(NEW),15세이상관람가
20161286,아이스 에이지: 지구 대충돌,94,2016,20160720,장편,미국,코미디|애니메이션|어드벤처,마이크 트메이어,존 레귀자모|레이 로마노|제니퍼 로페즈|애덤 드바인|제시 타일러 퍼거슨|배한성|장광,이십세기폭스코리아(주),전체관람가|전체관람가
20164521,극장판 요괴워치: 염라대왕과 5개의 이야기다냥!,93,2016,20160720,장편,일본,애니메이션,타카하시 시게하루,토마츠 하루카|유우키 아오이|세키 토모카즈|코자쿠라 에츠코,씨제이이앤엠(주),전체관람가
20156250,인천상륙작전,110,2016,20160727,장편,한국,드라마|전쟁,이재한,이정재|이범수|리암 니슨|진세연,씨제이이앤엠(주),12세이상관람가|12세이상관람가
20163189,태풍이 지나가고,117,2016,20160727,장편,일본,드라마,고레에다 히로카즈,아베 히로시|마키 요코|요시자와 타이요|키키 키린,(주)티캐스트,12세이상관람가
20161907,제이슨 본,123,2016,20160727,장편,미국,스릴러|액션,폴 그린그래스,맷 데이먼,유니버설픽쳐스인터내셔널 코리아(유),15세이상관람가
20165561,빅,91,2016,20160727,장편,인도|미국,가족|애니메이션|어드벤처|코미디,트레버 월,엄상현|사문영|박상훈|안소이|김연우|윤세웅|홍진욱|임채헌,(주)이수C&E,전체관람가
20152963,수어사이드 스쿼드,122,2016,20160803,장편,미국,액션,데이비드 에이어,윌 스미스|자레드 레토|마고 로비|카라 델레바인|제이 코트니,워너브러더스 코리아(주),15세이상관람가|15세이상관람가
20156082,마이펫의 이중생활,90,2016,20160803,장편,미국,가족|애니메이션|코미디,크리스 리노드,엄상현|최석필|루이스 C.K.|에릭 스톤스트릿|케빈 하트,유니버설픽쳐스인터내셔널 코리아(유),전체관람가|전체관람가
20150979,덕혜옹주,126,2016,20160803,장편,한국,드라마|사극,허진호,손예진|박해일,롯데쇼핑㈜롯데엔터테인먼트,12세이상관람가
20162002,명탐정 코난: 순흑의 악몽,111,2016,20160803,장편,일본,어드벤처|애니메이션|미스터리,시즈노 코분,김선혜|강수진|이정구|이현진,씨제이이앤엠(주),12세이상관람가
20150968,국가대표 2,125,2016,20160810,장편,한국,드라마,김종현,수애|오달수|오연서,메가박스중앙(주)플러스엠,12세이상관람가
20154910,터널,126,2016,20160810,장편,한국,드라마,김성훈,하정우|배두나|오달수,(주)쇼박스,12세이상관람가
20165961,슈퍼 프렌즈,82,2016,20160810,장편,한국,애니메이션,이경호|이원재,변현우|김지혜|박조호|서지연|남도형|홍진욱|김승태|오인성,씨네그루(주)키다리이엔티,전체관람가
20165281,마이 리틀 자이언트,117,2015,20160810,장편,미국,판타지|어드벤처|가족,스티븐 스필버그,마크 라이런스|루비 반힐|장광|윤세웅,월트디즈니컴퍼니코리아(주),전체관람가|전체관람가
20167041,킹 오브 프리즘,60,2016,20160811,장편,일본,판타지|애니메이션|드라마,히시다 마사카즈,남도형|엄상현|이원찬|카키하라 테츠야|마에노 토모아키|마스다 토시키,(주)박수엔터테인먼트,12세이상관람가
20148460,서울역,92,2016,20160817,장편,한국,애니메이션,연상호,류승룡|심은경|이준,(주)넥스트엔터테인먼트월드(NEW),15세이상관람가
20163043,갤럭시 히어로즈: 라쳇 앤 클랭크,84,2016,20160817,장편,미국,어드벤처|애니메이션|액션,케빈 먼로,제임스 아놀드 테일러|데이빗 케이|짐 워드,(주)영화사 빅,전체관람가
20150567,스타트렉 비욘드,122,2016,20160817,장편,미국,SF|액션,저스틴 린,크리스 파인|재커리 퀸토|칼 어번|조 샐다나|사이먼 페그,롯데쇼핑㈜롯데엔터테인먼트,12세이상관람가|12세이상관람가
20165981,파워배틀 와치카 미니카 배틀리그: 불꽃의 질주,73,2016,20160817,장편,한국,애니메이션,이영준,0,(주)삼지애니메이션,전체관람가
20163217,라이트 아웃,80,2015,20160824,장편,미국,공포(호러),데이비드 F. 샌드버그,테레사 팔머|가브리엘 베이트먼,워너브러더스 코리아(주),15세이상관람가
20166901,플로렌스,110,2016,20160824,장편,영국,드라마,스티븐 프리어스,메릴 스트립|휴 그랜트|사이먼 헬버그,(주)이수C&E,15세이상관람가
20162404,고스트버스터즈,116,2016,20160825,장편,미국,SF|액션|코미디,폴 페이그, 멜리사 맥카시|크리스튼 위그|케이트 맥키넌|레슬리 존스|크리스 헴스워스,유니버설픽쳐스인터내셔널 코리아(유),12세이상관람가|12세이상관람가
20150901,올레,103,2016,20160825,장편,한국,코미디|드라마,채두병,신하균|박희순|오만석,(주)대명문화공장|(주)리틀빅픽쳐스,15세이상관람가
20167261,메카닉: 리크루트,97,2016,20160831,장편,프랑스|미국,스릴러|액션|범죄,데니스 간젤,제이슨 스타뎀|제시카 알바,(주)제이앤씨미디어그룹,15세이상관람가
20168182,머니 몬스터,97,2016,20160831,장편,미국,드라마|스릴러|범죄,조디 포스터,조지 클루니|줄리아 로버츠|잭 오코넬|카이트리오나 발페,유니버설픽쳐스인터내셔널 코리아(유),15세이상관람가
20167563,이퀄스,101,2015,20160831,장편,미국,SF|드라마,드레이크 도리머스,니콜라스 홀트|크리스틴 스튜어트,씨네그루(주)키다리이엔티,15세이상관람가
20162968,거울나라의 앨리스,112,2015,20160907,장편,미국,판타지|어드벤처|가족,제임스 보빈,조니 뎁|앤 해서웨이|미아 와시코우스카|헬레나 본햄 카터|사챠 바론 코헨,월트디즈니컴퍼니코리아(주),12세이상관람가|12세이상관람가
20159648,"고산자, 대동여지도",129,2016,20160907,장편,한국,사극,강우석,차승원|유준상,씨제이이앤엠(주),전체관람가
20159646,밀정,139,2016,20160907,장편,미국|한국,액션,김지운,송강호|공유,워너브러더스 코리아(주),15세이상관람가
20165941,로빈슨 크루소,89,2016,20160907,장편,벨기에,코미디|애니메이션|어드벤처,빈센트 케스텔루트|벤 스타센,유리 로웬탈|데이비드 하워드|라일라 베르진스|콜린 메츠거|조이 카멘|마리브 헤링턴,(주)영화사 빅,전체관람가
20166721,장난감이 살아있다,91,2013,20160907,장편,스페인|아르헨티나,가족|애니메이션|어드벤처,후안 호세 캄파넬라,니콜라스 홀트|아리아나 그란데|케이티 홈즈|루퍼트 그린트,㈜코리아스크린|와이드 릴리즈(주),전체관람가
20166541,달빛궁궐,80,2016,20160907,장편,한국,어드벤처|애니메이션|판타지,김현주,김서영|이하늬|권율|김슬기,(주)넥스트엔터테인먼트월드(NEW),전체관람가
20167154,드림 쏭,89,2016,20160914,장편,미국,애니메이션,애쉬 브래넌,루크 윌슨|J. K. 시몬스|에디 이자드|엄상현|이장원|이현,(주)이수C&E,전체관람가
20163294,매그니피센트 7,132,2016,20160914,장편,미국,서부극(웨스턴)|액션,안톤 후쿠아,덴젤 워싱턴|크리스 프랫|에단 호크|빈센트 도노프리오|이병헌|마누엘 가르시아 룰포|마틴 센스마이어,유니버설픽쳐스인터내셔널 코리아(유),15세이상관람가
20167839,벤허,123,2016,20160914,장편,미국,드라마|어드벤처,티무르 베크맘베토브,잭 휴스턴|모건 프리먼|토비 켑벨|로드리고 산토로|나자닌 보니아디|할룩 빌기너|요한 필립 애스백,롯데쇼핑㈜롯데엔터테인먼트,12세이상관람가|12세이상관람가
20168401,카페 소사이어티,96,2016,20160914,장편,미국,드라마|멜로/로맨스,우디 앨런,제시 아이젠버그|크리스틴 스튜어트,CGV아트하우스,15세이상관람가
20168721,아이엠스타 뮤직어워드,56,2016,20160914,장편,일본,애니메이션,와타다 신야,정유정|김새해|김영은,씨제이이앤엠(주),전체관람가
20169122,아이 엠 어 히어로,126,2016,20160921,장편,일본,공포(호러)|액션,사토 신스케,오오이즈미 요|나가사와 마사미|아리무라 카스미,(주)영화사 빅,청소년관람불가
20162022,대결,97,2016,20160922,장편,한국,액션,신동엽,이주승|오지호|이정진|신정근|손은서,(주)스톰픽쳐스코리아|TCO(주)더콘텐츠온,15세이상관람가
20163184,뉴 스텝업: 어반댄스,96,2015,20160922,장편,뉴질랜드,드라마|액션,타미 데이비스,티아 마이피|케링턴 페인|스탠 워커,THE 픽쳐스,15세이상관람가
20168885,브리짓 존스의 베이비,122,2016,20160928,장편,미국,멜로/로맨스|코미디,샤론 맥과이어,콜린 퍼스|패트릭 뎀시|르네 젤위거,유니버설픽쳐스인터내셔널 코리아(유),15세이상관람가
20168891,설리: 허드슨강의 기적,95,2016,20160928,장편,미국,드라마,클린트 이스트우드,톰 행크스,워너브러더스 코리아(주),12세이상관람가
20164501,미스 페레그린과 이상한 아이들의 집,126,2016,20160928,장편,영국|미국|벨기에,판타지|미스터리,팀 버튼,에바 그린|에이사 버터필드|엘라 퍼넬,이십세기폭스코리아(주),12세이상관람가|12세이상관람가
20153443,아수라,132,2016,20160928,장편,한국,액션|범죄,김성수,정우성|황정민|주지훈,씨제이이앤엠(주),청소년관람불가
20160143,피터와 드래곤,102,2016,20160928,장편,미국,판타지|어드벤처|가족,데이빗 로워리,브라이스 달라스 하워드|오크스 페글리|로버트 레드포드|칼 어번|웨스 벤틀리|우나 로렌스,월트디즈니컴퍼니코리아(주),전체관람가|전체관람가
20168361,바다 탐험대 옥토넛 시즌4: 늪지탐험선K,57,2016,20160928,장편,영국,애니메이션,다라 오코넬,하성용|정재헌|엄상현|윤승희|김정은|유동균|김율|한경화,와이드 릴리즈(주),전체관람가
20164094,립반윙클의 신부,119,2016,20160928,장편,일본,멜로/로맨스|드라마,이와이 슌지,쿠로키 하루|아야노 고|코코,TCO(주)더콘텐츠온|주식회사 더쿱,15세이상관람가
20169764,백설공주 : 사라진 아빠를 찾아서,75,2015,20160929,장편,중국,가족|애니메이션,벤 차오,박상훈|이제인|사문영|장병관|이승준,예지림엔터테인먼트,전체관람가
20160761,돈 맛,89,2016,20160929,장편,한국,멜로/로맨스,백수호|홍수동,이은미|허진우|장현우|조명연,(주)박수엔터테인먼트,청소년관람불가
20167481,맨 인 더 다크,88,2016,20161005,장편,미국,스릴러,페드 알바레즈,제인 레비|딜런 미넷,유니버설픽쳐스인터내셔널 코리아(유),청소년관람불가
20168822,디시에르토,89,2015,20161005,장편,프랑스|멕시코,스릴러|드라마,조나스 쿠아론,가엘 가르시아 베르날|제프리 딘 모건,(주)제이앤씨미디어그룹,15세이상관람가
20161589,죽여주는 여자,110,2016,20161006,장편,한국,드라마,이재용,윤여정,CGV아트하우스,청소년관람불가|청소년관람불가
20167867,그물,113,2016,20161006,장편,한국,드라마,김기덕,류승범|이원근,(주)넥스트엔터테인먼트월드(NEW),15세이상관람가
20153444,럭키,112,2015,20161013,장편,한국,코미디,이계벽,유해진|이준|조윤희|임지연,(주)쇼박스,15세이상관람가
20163041,자백,106,2016,20161013,장편,한국,다큐멘터리,최승호,최승호|김기춘|원세훈,(주)엣나인필름,15세이상관람가
20168501,바스티유 데이,91,2016,20161013,장편,프랑스|미국,액션,제임스 왓킨스,이드리스 엘바|리처드 매든,롯데쇼핑㈜롯데엔터테인먼트,15세이상관람가
20160203,어카운턴트,127,2016,20161013,장편,미국,스릴러|액션,개빈 오코너,벤 애플렉|안나 켄드릭,워너브러더스 코리아(주),15세이상관람가
20160261,극장판 프리파라 모두 모여라! 프리즘☆투어즈,88,2016,20161013,장편,한국,애니메이션,히시다 마사카즈,아카네야 히미카|세리자와 유|쿠보타 미유,(주)박수엔터테인먼트,전체관람가
20169028,토마스와 친구들: 용감한 기관차와 괴물소동,60,2016,20161013,장편,영국,애니메이션,롭 실베스트리,마크 모라한|벤 스몰,와이드 릴리즈(주),전체관람가
20156007,인페르노,121,2016,20161019,장편,헝가리|미국|일본|터키,스릴러|미스터리,론 하워드,톰 행크스|펠리시티 존스,유니버설픽쳐스인터내셔널 코리아(유),15세이상관람가
20169986,미스터 캣,86,2016,20161019,장편,중국|프랑스,코미디,배리 소넨필드,케빈 스페이시|제니퍼 가너|크리스토퍼 월켄,(주)리틀빅픽쳐스,전체관람가
20151022,걷기왕,92,2016,20161020,장편,한국,드라마,백승화,심은경|박주희,CGV아트하우스,12세이상관람가
20161201,키즈모노가타리 II 열혈편,68,2016,20161020,장편,일본,액션|애니메이션|드라마|판타지,신보 아키유키,카미야 히로시|사카모토 마야,(주)박수엔터테인먼트,15세이상관람가
20162545,"무현, 두 도시 이야기",95,2016,20161026,장편,한국,다큐멘터리,전인환,노무현|김원명|김하연|백승영|조덕희|박영희|장철영,(주)모멘텀엔터테인먼트,15세이상관람가
20163181,닥터 스트레인지,114,2015,20161026,장편,미국,판타지|액션|어드벤처,스콧 데릭슨,베네딕트 컴버배치|레이첼 맥아담스|틸다 스윈튼|매즈 미켈슨|치웨텔 에지오포,월트디즈니컴퍼니코리아(주),12세이상관람가|12세이상관람가
20150564,혼숨,88,2016,20161026,장편,한국,공포(호러),이두환,류덕환|조복래,(주)프레인글로벌,15세이상관람가
20160781,쿠보와 전설의 악기,102,2016,20161026,장편,미국,판타지|애니메이션|어드벤처|가족,트래비스 나이트,아트 파킨슨|매튜 맥커너히|랄프 파인즈|루니 마라|샤를리즈 테론,유니버설픽쳐스인터내셔널 코리아(유),전체관람가
20160862,선생님의 일기,109,2014,20161102,장편,태국,드라마|멜로/로맨스,니티왓 다라톤,비 스크릿 위셋케우|레일라 분야삭,(주)드림팩트엔터테인먼트|(주)미로스페이스,12세이상관람가
20161796,극장판 파워레인저: 닌자포스 VS 트레인포스 닌자 인 원더랜드,60,2016,20161103,장편,일본,액션,나카자와 쇼지로,김혜성|안용욱|이경태|류점희|이새아|김현욱|심규혁|이인석|강시현|홍진욱|김서영|서원석|니시카와 슌스케|마츠모토 가쿠|나카무라 카이토|야노 유카|야마야 카스미|타와다 히데야|시손 쥰|히라마키 진|코지마 리리아|요코하마 류세이|모리타카 아이|나가하마 신,(주)넥스트엔터테인먼트월드(NEW),전체관람가
20161527,로스트 인 더스트,101,2016,20161103,장편,미국,드라마|범죄,데이빗 맥킨지,크리스 파인|벤 포스터|제프 브리지스,메가박스중앙(주)플러스엠,15세이상관람가
20162609,인어공주 : 새로운 모험의 시작,77,2015,20161103,장편,중국,애니메이션,아담 추,김경희|김연우|윤세웅|홍진욱,예지림엔터테인먼트,전체관람가
20161165,무한대를 본 남자,108,2015,20161103,장편,영국,드라마,맷 브라운,데브 파텔|제레미 아이언스,판씨네마(주),12세이상관람가
20163521,스플릿,121,2016,20161109,장편,한국,드라마,최국희,제임스 맥어보이,오퍼스픽쳐스(유),15세이상관람가
20161843,위자: 저주의 시작,98,2016,20161109,장편,미국,공포(호러),마이크 플래너건,엘리자베스 리저|애너리즈 바쏘|루루 윌슨|헨리 토마스,유니버설픽쳐스인터내셔널 코리아(유),12세이상관람가
20162147,세상에서 고양이가 사라진다면,102,2015,20161109,장편,일본,드라마,나가이 아키라,사토 타케루|미야자키 아오이,(주)크리픽쳐스,12세이상관람가
20162504,감바의 대모험,93,2015,20161110,장편,일본,어드벤처|애니메이션,코모리 요시히로|카와무라 토모히로,카지 유키,(주)영화사 빅,전체관람가
20169730,당신자신과 당신의 것,86,2016,20161110,장편,한국,드라마,홍상수,김주혁|이유영,(주)영화제작전원사 |(주)콘텐츠판다,청소년관람불가
20163155,바후발리 : 더 비기닝,137,2015,20161110,장편,인도,전쟁|액션|어드벤처,S.S. 라자몰리,프라바스|라나 다구바티,팔레드시네마(주),15세이상관람가
20162365,신비한 동물사전,132,2016,20161116,장편,영국|미국,판타지|어드벤처|가족,데이빗 예이츠,에디 레드메인|캐서린 워터스톤|앨리슨 수돌|에즈라 밀러|주드 로|조니 뎁|칼럼 터너,워너브러더스 코리아(주),12세이상관람가|12세이상관람가
20154905,가려진 시간,129,2016,20161116,장편,한국,판타지|드라마,엄태화,강동원|신은수|이효제,(주)쇼박스,12세이상관람가
20162629,하이큐!! 끝과 시작,88,2015,20161116,장편,일본,애니메이션,미츠나카 스스무,양정화|심규혁|신용우|구자형|류승곤|김영선|이경태|무라세 아유무|이시카와 카이토|히노 사토시|이리노 미유|하야시 이사무,(주)팝엔터테인먼트,12세이상관람가
20162928,카페 6,102,2016,20161116,장편,대만,코미디|멜로/로맨스,오자운,동자건|안탁령|임백굉|구양니니,(주)라이크 콘텐츠,12세이상관람가
20161603,순종,88,2016,20161117,장편,한국,다큐멘터리,이주훈|김동민,김은혜|한성국|김영화,(주)영화사 안다미로|(재)CBS,전체관람가
20164169,드래곤 네스트: 평화 기사단 VS 블랙 드래곤,87,2014,20161117,장편,중국,판타지|애니메이션|어드벤처|가족,송유평,이현|김연우|홍진욱|장병관|박상훈|사문영|김소희,THE 픽쳐스,전체관람가|전체관람가
20159286,연애담,98,2016,20161117,장편,한국,멜로/로맨스,이현주,이상희|류아벨,(주)인디플러그,청소년관람불가
20154661,형,109,2016,20161123,장편,한국,드라마|코미디,권수경,조정석|디오|박신혜,씨제이이앤엠(주),12세이상관람가
20161162,블레어 위치,89,2016,20161123,장편,미국,스릴러|공포(호러),아담 윈가드,칼리 헤르난데즈|제임스 앨런 맥퀸|코빈 라이드|밸러리 커리|웨스 로빈슨|브랜던 스콧,㈜코리아스크린,15세이상관람가
20163824,미스 사이공 : 25주년 특별 공연,175,2016,20161124,장편,미국,공연,브렛 설리반,알리스태어 브래머|에바 노블자다|홍광호|존 존 브라이언스,유니버설픽쳐스인터내셔널 코리아(유),15세이상관람가
20163903,리틀메딕: 몸속탐험대,78,2014,20161124,장편,독일,가족|애니메이션,피터 클라릿지,세바스티안 피츠너|아네트 포템파|한스-위르겐 디트베르너,(주)팝엔터테인먼트,전체관람가
20162787,테일 오브 테일즈,133,2015,20161124,장편,프랑스|이탈리아,판타지,마테오 가로네,셀마 헤이엑|뱅상 카셀|스테이시 마틴|토비 존스|존 C. 라일리,오드,청소년관람불가
20166363,잭 리처: 네버 고 백,118,2016,20161130,장편,미국,드라마|액션|범죄,에드워드 즈윅,톰 크루즈,롯데쇼핑㈜롯데엔터테인먼트,15세이상관람가
20160472,두 남자,91,2016,20161130,장편,한국,액션|범죄,이성태,마동석|최민호,씨네그루(주)키다리이엔티,청소년관람불가
20153741,미씽: 사라진 여자,99,2015,20161130,장편,한국,미스터리,이언희,엄지원|공효진,메가박스중앙(주)플러스엠,15세이상관람가
20162207,도성풍운 3,113,2016,20161130,장편,홍콩,드라마|코미디,왕정,주윤발|유덕화|장학우|장가휘|리위춘,(주)드림팩트엔터테인먼트,15세이상관람가
20161605,언더월드: 블러드 워,91,2016,20161130,장편,미국,공포(호러)|액션|판타지,안나 포에스터,케이트 베킨세일,유니버설픽쳐스인터내셔널 코리아(유),15세이상관람가
20167628,캡틴 판타스틱,119,2016,20161130,장편,미국,드라마,매트 로스,비고 모텐슨|조지 맥케이|사만다 아일러|애너리즈 바쏘|니콜라스 해밀턴|쉬리 크룩스|찰리 쇼트웰,주식회사 더쿱,15세이상관람가
20166462,신밧드 더 무비,113,2016,20161201,장편,일본,애니메이션,미야시타 신페이,송영인|방지원|무라나카 토모|타나베 모모코,와이드 릴리즈(주),전체관람가
20167904,라라랜드,127,2016,20161207,장편,미국,멜로/로맨스|드라마|뮤지컬,데이미언 셔젤,라이언 고슬링|엠마 스톤,판씨네마(주),12세이상관람가
20144641,판도라,135,2016,20161207,장편,한국,스릴러|드라마,박정우,김남길|김영애|문정희|정진영,(주)넥스트엔터테인먼트월드(NEW),12세이상관람가
20163884,아기배달부 스토크,86,2016,20161207,장편,미국,애니메이션,더그 스윗랜드|니콜라스 스톨러,앤디 샘버그|케이티 크라운,워너브러더스 코리아(주),전체관람가|전체관람가
20161763,"나, 다니엘 블레이크",100,2016,20161208,장편,영국,드라마,켄 로치,데이브 존스|헤일리 스콰이어,(주)영화사 진진,12세이상관람가
20162382,원피스 필름 골드,120,2016,20161208,장편,일본,액션|애니메이션|어드벤처|판타지,미야모토 히로아키,강수진|정미숙|김승준|김소형|타나카 마유미|오카무라 아케미|나카이 카즈야|야마구치 캇페이,씨제이이앤엠(주),12세이상관람가
20157064,커튼콜,94,2016,20161208,장편,한국,코미디,류훈,장현성|박철민|전무송,(주)모멘텀엔터테인먼트,15세이상관람가
20163856,호비와 동화나라 대모험,60,2016,20161208,장편,일본,애니메이션,히라바야시 이사무,미나미 오미|타카하시 미키,(주)머스트씨무비릴리징컴퍼니,전체관람가
20152371,"당신, 거기 있어줄래요",110,2016,20161214,장편,한국,드라마|판타지,홍지영,김윤석|변요한|채서진,롯데쇼핑㈜롯데엔터테인먼트,12세이상관람가
20155223,목숨 건 연애,103,2016,20161214,장편,중국|한국|대만,코미디|멜로/로맨스,송민규,하지원|천정명|진백림,오퍼스픽쳐스(유),15세이상관람가
20164388,스노우타임,71,2015,20161215,장편,캐나다,가족|애니메이션,장 프랑소아 풀리오,이지현|김경희|김연우|최정현|이현,(주)영화사 빅,전체관람가
20161725,마스터,142,2016,20161221,장편,한국,범죄|액션,조의석,이병헌|강동원|김우빈,씨제이이앤엠(주),15세이상관람가
20162025,씽,107,2016,20161221,장편,미국,뮤지컬|애니메이션,가스 제닝스,매튜 맥커너히|리즈 위더스푼|스칼렛 요한슨|태런 에저튼|토리 켈리|세스 맥팔레인,유니버설픽쳐스인터내셔널 코리아(유),전체관람가|전체관람가
20165285,극장판 도라에몽: 신 진구의 버스 오브 재팬,103,2016,20161221,장편,일본,애니메이션,야쿠와 신노스케,채민지|김정아|미즈타 와사비|오오하라 메구미,(주)넥스트엔터테인먼트월드(NEW),전체관람가
20162183,포켓몬 더 무비 XY&Z 「볼케니온 : 기계왕국의 비밀」,94,2016,20161222,장편,일본,가족|애니메이션|어드벤처|판타지,유야마 쿠니히코,마츠모토 리카|오오타니 이쿠에,(주)이수C&E,전체관람가
20160221,에곤 쉴레: 욕망이 그린 그림,109,2016,20161222,장편,룩셈부르크|오스트리아 ,드라마,디에터 버너,노아 자베드라,(주)티캐스트,청소년관람불가
20163183,로그 원: 스타워즈 스토리,133,2016,20161228,장편,미국,SF|액션|어드벤처|판타지,가렛 에드워즈,펠리시티 존스|디에고 루나,월트디즈니컴퍼니코리아 유한책임회사,12세이상관람가|12세이상관람가
20162727,루돌프와 많이있어,88,2016,20161228,장편,일본,애니메이션,사카키바라 모토노리|유야마 쿠니히코,김율|신용우,씨제이이앤엠(주),전체관람가
20165543,하이큐!! 승자와 패자,87,2016,20161228,장편,일본,애니메이션,미츠나카 스스무,심규혁|양정화|성완경|구자형|류승곤|무라세 아유무|이시카와 카이토|히노 사토시|이리노 미유|하야시 이사무,(주)이수C&E|(주)팝엔터테인먼트,12세이상관람가
20161872,너의 이름은.,106,2016,20170104,장편,일본,멜로/로맨스|애니메이션|드라마,신카이 마코토,카미키 류노스케|카미시라이시 모네,메가박스중앙(주)플러스엠,12세이상관람가
20165153,눈의 여왕 3: 눈과 불의 마법대결,89,2016,20170104,장편,러시아,판타지|애니메이션|어드벤처|가족,알렉세이 트시칠린,박지윤|엄상현|남도형|이재범|박상훈,(주)이수C&E,전체관람가
20150966,사랑하기 때문에,110,2016,20170104,장편,한국,멜로/로맨스|코미디,주지홍,차태현|서현진|김유정,(주)넥스트엔터테인먼트월드(NEW),12세이상관람가
20161084,패신저스,116,2016,20170104,장편,미국,SF|어드벤처,모튼 틸덤,제니퍼 로렌스|크리스 프랫,유니버설픽쳐스인터내셔널 코리아(유),12세이상관람가|12세이상관람가
20151181,여교사,96,2015,20170104,장편,한국,드라마,김태용,김하늘|유인영|이원근,필라멘트픽쳐스,청소년관람불가
20164421,어쌔신 크리드,115,2016,20170111,장편,프랑스|미국|영국,SF|액션|어드벤처|판타지,저스틴 커젤,마이클 패스벤더,이십세기폭스코리아(주),15세이상관람가|15세이상관람가
20168381,얼라이드,123,2017,20170111,장편,미국,멜로/로맨스|스릴러|드라마,로버트 저메키스,브래드 피트|마리옹 꼬띠아르|리지 캐플란,롯데쇼핑㈜롯데엔터테인먼트,15세이상관람가
20168324,반지의 제왕 : 반지원정대 (확장판),228,2001,20170111,장편,미국|뉴질랜드,액션|판타지|어드벤처,피터 잭슨,일라이저 우드|이안 맥켈런|리브 타일러|비고 모텐슨|숀 애스틴|케이트 블란쳇,(주)디스테이션,12세이상관람가
20165443,모아나,113,2016,20170112,장편,미국,애니메이션,존 머스커|론 클레멘츠,드웨인 존슨|아우이 크라발호,월트디즈니컴퍼니코리아 유한책임회사,전체관람가|전체관람가
20163014,7년-그들이 없는 언론,110,2016,20170112,장편,한국,다큐멘터리,김진혁,0,(주)인디플러그,12세이상관람가
20168664,반지의 제왕 : 두개의 탑 (확장판),235,2002,20170118,장편,미국|뉴질랜드,액션|판타지|어드벤처,피터 잭슨,일라이저 우드|이안 맥켈런|비고 모텐슨,(주)디스테이션,12세이상관람가
20151228,공조,125,2016,20170118,장편,한국,액션,김성훈,현빈|유해진|김주혁,씨제이이앤엠(주),15세이상관람가
20163845,터닝메카드W: 블랙미러의 부활,72,2016,20170118,장편,한국,애니메이션,홍헌표|김석원,소연|윤아영|신용우|장광|강호철|안영미|윤미나,씨네그루(주)키다리이엔티,전체관람가
20151229,더 킹,134,2016,20170118,장편,한국,드라마|범죄,한재림,조인성|정우성|배성우|김아중|류준열,(주)넥스트엔터테인먼트월드(NEW),15세이상관람가
20163186,단지 세상의 끝,99,2016,20170118,장편,프랑스|캐나다,드라마,자비에 돌란,가스파르 울리엘|마리옹 꼬띠아르|레아 세두|뱅상 카셀|나탈리 베이,(주)엣나인필름,15세이상관람가
20167285,짱구는 못말려 극장판: 폭풍수면! 꿈꾸는 세계 대돌격,96,2016,20170125,장편,일본,애니메이션,타카하시 와타루,박영남|김환진|강희선|여민정|장경희|야지마 아키코|나라하시 미키|후지와라 케이지|코오로기 사토미,(주)넥스트엔터테인먼트월드(NEW),전체관람가
20168154,딥워터 호라이즌,107,2016,20170125,장편,미국,드라마|액션,피터 버그,마크 월버그|딜런 오브라이언|커트 러셀|존 말코비치|케이트 허드슨,메가박스중앙(주)플러스엠,12세이상관람가
20168688,레지던트 이블: 파멸의 날,106,2016,20170125,장편,프랑스|미국|독일|호주|캐나다,스릴러|액션|공포(호러)|SF,폴 W.S. 앤더슨,밀라 요보비치|알리 라터,유니버설픽쳐스인터내셔널 코리아(유),청소년관람불가|청소년관람불가
20168689,반지의 제왕 : 왕의 귀환 (확장판),263,2003,20170125,장편,미국|뉴질랜드,액션|판타지|어드벤처,피터 잭슨,일라이저 우드|이안 맥켈런|비고 모텐슨,(주)디스테이션,12세이상관람가
20165822,매기스 플랜,98,2015,20170125,장편,미국,멜로/로맨스|코미디,레베카 밀러,그레타 거윅|에단 호크|줄리안 무어,오드,15세이상관람가
20168366,바다 탐험대 옥토넛 시즌4: 바다 괴물 대소동,68,2016,20170125,장편,영국,어드벤처|애니메이션,다라 오코넬,하성용|정재헌|엄상현|윤승희|김정은|유동균|김율|한경화,와이드 릴리즈(주),전체관람가
20167324,라이언,118,2016,20170201,장편,미국|호주|영국,드라마,가스 데이비스,데브 파텔|루니 마라|데이비드 웬햄|니콜 키드먼,(주)이수C&E,12세이상관람가
20154342,뚜르: 내 생애 최고의 49일,96,2016,20170201,장편,한국,다큐멘터리,김양래|전일우|임정하|박형준,이윤혁,(주)리틀빅픽쳐스,12세이상관람가
20179281,컨택트,116,2016,20170202,장편,미국,스릴러|SF|드라마,드니 빌뇌브,에이미 아담스|제레미 레너|포레스트 휘태커,유니버설픽쳐스인터내셔널 코리아(유),12세이상관람가
20167716,트리플 엑스 리턴즈,106,2016,20170208,장편,미국,스릴러|액션|어드벤처,D.J. 카루소,빈 디젤,롯데쇼핑㈜롯데엔터테인먼트,15세이상관람가|15세이상관람가
20178881,명탐정 코난: 에피소드 원-작아진 명탐정,95,2016,20170208,장편,일본,애니메이션,야마모토 야스이치로,타카야마 미나미|야마구치 캇페이|야마자키 와카나,씨제이이앤엠(주),12세이상관람가
20161141,50가지 그림자: 심연,118,2017,20170209,장편,미국,멜로/로맨스|드라마,제임스 폴리,제이미 도넌|다코타 존슨,유니버설픽쳐스인터내셔널 코리아(유),청소년관람불가
20150964,조작된 도시,126,2016,20170209,장편,한국,액션|범죄,박광현,지창욱|심은경|안재홍,씨제이이앤엠(주),15세이상관람가
20167644,발레리나,89,2016,20170209,장편,캐나다|프랑스,뮤지컬|애니메이션|어드벤처|가족,에릭 와린|에릭 섬머,엘르 패닝|데인 드한,판씨네마(주),전체관람가|전체관람가
20162873,레고 배트맨 무비,104,2017,20170209,장편,미국,코미디|애니메이션|액션,크리스 맥케이,윌 아넷|랄프 파인즈|로사리오 도슨|마이클 세라|자흐 갈리피아나키스|머라이어 캐리,워너브러더스 코리아(주),전체관람가|전체관람가
20163580,그레이트 월,103,2016,20170215,장편,중국|미국,액션|판타지,장예모,맷 데이먼|경첨|페드로 파스칼|윌렘 데포|유덕화,유니버설픽쳐스인터내셔널 코리아(유),12세이상관람가|12세이상관람가
20166421,재심,118,2016,20170215,장편,한국,드라마,김태윤,정우|강하늘|김해숙,오퍼스픽쳐스(유)|CGV아트하우스,15세이상관람가
20167362,더 큐어,146,2016,20170215,장편,독일|미국,스릴러|미스터리,고어 버빈스키,데인 드한|제이슨 아이삭스|미아 고스,이십세기폭스코리아(주),청소년관람불가
20161366,"그래, 가족",106,2016,20170215,장편,한국,코미디,마대윤,이요원|정만식|이솜|정준원,월트디즈니컴퍼니코리아 유한책임회사,12세이상관람가
20161744,트롤,92,2016,20170216,장편,미국,애니메이션,월트 도른|마이크 미첼,이성경|박형식|김하영|엄상현|전숙경|장광|이현|김명준|김도영,씨제이이앤엠(주),전체관람가|전체관람가
20167906,마이펫 오지,89,2016,20170216,장편,캐나다|스페인,어드벤처|애니메이션,알베르토 로드리게즈,남도형|정은지|김현욱|이재범|기예르모 로메로|미첼 제너|다니 로비라|호세 모타,롯데쇼핑㈜롯데엔터테인먼트,전체관람가
20170241,23 아이덴티티,117,2016,20170222,장편,미국,스릴러,M. 나이트 샤말란,제임스 맥어보이,유니버설픽쳐스인터내셔널 코리아(유),15세이상관람가
20166101,존 윅 - 리로드,122,2017,20170222,장편,미국,스릴러|액션|범죄,채드 스타헬스키,키아누 리브스,(주)제이앤씨미디어그룹,청소년관람불가
20165927,문라이트,110,2016,20170222,장편,미국,드라마,배리 젠킨스,알렉스 R. 히버트|애쉬튼 샌더스|트레반트 로즈,CGV아트하우스,15세이상관람가
20167922,핵소 고지,138,2016,20170222,장편,호주|미국,전쟁|드라마,멜 깁슨,앤드류 가필드,판씨네마(주),15세이상관람가
20156562,루시드 드림,101,2016,20170222,장편,한국,스릴러|SF,김준성,고수|설경구,(주)넥스트엔터테인먼트월드(NEW),15세이상관람가
20161723,싱글라이더,97,2016,20170222,장편,한국,드라마,이주영,이병헌|공효진|안소희,워너브러더스 코리아(주),15세이상관람가
20170509,극장판 소드 아트 온라인 -오디널 스케일-,121,2017,20170223,장편,일본,액션|애니메이션|SF,이토 토모히코,마츠오카 요시츠구|토마츠 하루카,(주)박수엔터테인먼트,12세이상관람가
20166468,사일런스,160,2016,20170228,장편,멕시코|미국|대만,드라마,마틴 스코세이지,앤드류 가필드|아담 드라이버|리암 니슨,씨네그루(주)키다리이엔티,15세이상관람가
20161827,로건,137,2017,20170301,장편,미국,SF|액션,제임스 맨골드,휴 잭맨,이십세기폭스코리아(주),청소년관람불가
20158799,눈길,121,2015,20170301,장편,한국,드라마,이나정,김영옥|김향기|김새론,(주)엣나인필름|CGV아트하우스,15세이상관람가
20150971,해빙,117,2017,20170301,장편,한국,스릴러,이수연,조진웅|신구|김대명,롯데쇼핑㈜롯데엔터테인먼트,15세이상관람가
20168183,콩: 스컬 아일랜드,118,2017,20170308,장편,미국,판타지|액션|어드벤처,조던 복트-로버츠,톰 히들스턴|사무엘 L. 잭슨|존 굿맨|브리 라슨,워너브러더스 코리아(주),12세이상관람가|12세이상관람가
20168750,파도가 지나간 자리,132,2016,20170308,장편,영국|미국|뉴질랜드,멜로/로맨스|드라마,데릭 시엔프랜스,마이클 패스벤더|알리시아 비칸데르|레이첼 와이즈,CGV아트하우스,15세이상관람가
20170761,걸 온 더 트레인,112,2016,20170309,장편,미국,미스터리|드라마|스릴러,테이트 테일러,에밀리 블런트,씨제이이앤엠(주),청소년관람불가
20164721,미녀와 야수,129,2017,20170316,장편,미국,뮤지컬|멜로/로맨스|판타지,빌 콘돈,엠마 왓슨|댄 스티븐스|루크 에반스,월트디즈니컴퍼니코리아 유한책임회사,전체관람가|전체관람가
20167905,비정규직 특수요원,117,2016,20170316,장편,한국,액션|코미디,김덕수,강예원|한채아,(주)이수C&E|(주)스톰픽쳐스코리아,15세이상관람가
20178942,스페이스 비트윈 어스,120,2016,20170316,장편,미국,SF|어드벤처|드라마|멜로/로맨스,피터 첼섬,에이사 버터필드|칼라 구기노|브릿 로버트슨|게리 올드만,씨네그루(주)키다리이엔티,12세이상관람가
20170221,골드,120,2016,20170322,장편,미국,어드벤처|드라마,스티븐 개건,매튜 맥커너히,CGV아트하우스,15세이상관람가
20168742,아우토반,98,2016,20170322,장편,독일|영국,스릴러|액션,에란 크리비,니콜라스 홀트|펠리시티 존스|안소니 홉킨스|벤 킹슬리,와이드 릴리즈(주),15세이상관람가
20167363,히든 피겨스,126,2016,20170323,장편,미국,드라마,데오도르 멜피,타라지 P. 헨슨|옥타비아 스펜서|자넬 모네,이십세기폭스코리아(주),12세이상관람가
20162181,프리즌,124,2016,20170323,장편,한국,액션|범죄,나현,한석규|김래원,(주)쇼박스,청소년관람불가
20167902,보통사람,121,2017,20170323,장편,한국,드라마,김봉한,손현주|장혁,오퍼스픽쳐스(유),15세이상관람가
20179442,밤의 해변에서 혼자,100,2016,20170323,장편,한국,드라마,홍상수,김민희,(주)영화제작전원사 |(주)콘텐츠판다,청소년관람불가
20171801,극장판 암살교실 : 365일의 시간,92,2017,20170323,장편,일본,애니메이션,키시 세이지,후쿠야마 쥰|스기타 토모카즈,(주)박수엔터테인먼트,12세이상관람가
20171661,아기돼지 3형제와 매직램프,78,2015,20170323,장편,중국,애니메이션,유위,윤아영|이소은|최정현|황창영,(주)팝엔터테인먼트,전체관람가
20170382,개구리왕국 2,84,2015,20170323,장편,중국,애니메이션,펭 페이,사문영|이경태,예지림엔터테인먼트,전체관람가
20163194,공각기동대 : 고스트 인 더 쉘,106,2016,20170329,장편,미국,액션|SF|범죄,루퍼트 샌더스,스칼렛 요한슨,롯데쇼핑㈜롯데엔터테인먼트,15세이상관람가|15세이상관람가
20151230,원라인,131,2016,20170329,장편,한국,범죄,양경모,임시완|진구|박병은,(주)넥스트엔터테인먼트월드(NEW),15세이상관람가
20167005,데스노트: 더 뉴 월드,134,2017,20170329,장편,일본,스릴러|범죄|드라마,사토 신스케,히가시데 마사히로|이케마츠 소스케|스다 마사키,(주)디스테이션,15세이상관람가
20167364,미스 슬로운,132,2016,20170329,장편,프랑스|미국,스릴러|드라마,존 매든,제시카 차스테인,(주)메인타이틀픽쳐스,15세이상관람가
20164926,분노,141,2016,20170330,장편,일본,스릴러,이상일,와타나베 켄|모리야마 미라이|마츠야마 켄이치|아야노 고|히로세 스즈|미야자키 아오이|츠마부키 사토시,메가박스중앙(주)플러스엠,청소년관람불가
20167901,어느날,113,2017,20170405,장편,한국,멜로/로맨스,이윤기,김남길|천우희,오퍼스픽쳐스(유)|CGV아트하우스,15세이상관람가
20171381,라이프,103,2017,20170405,장편,미국,스릴러|SF,다니엘 에스피노사,제이크 질렌할|레베카 퍼거슨|라이언 레이놀즈,소니픽쳐스엔터테인먼트코리아주식회사극장배급지점,15세이상관람가
20161923,시간위의 집,99,2017,20170405,장편,한국,스릴러|미스터리,임대웅,김윤진|택연|조재윤,(주)리틀빅픽쳐스|(주)페퍼민트앤컴퍼니,15세이상관람가
20171781,패트리어트 데이,133,2017,20170406,장편,미국,스릴러|드라마,피터 버그,마크 월버그,(주)이수C&E,15세이상관람가
20173444,링스,102,2017,20170406,장편,미국,공포(호러),하비에르 구티에레즈,마틸다 안나 잉그리드 러츠|알렉스 로|자니 갈렉키|에이미 티가든|데이빗 도프만,(주)다자인소프트,15세이상관람가
20162607,슈퍼 버드,80,2015,20170406,장편,멕시코,애니메이션,라울 가르시아|리카르도 아나이즈|마이크 컨켈,에드워드 제임스 올모스|리코 로드리게스|치치 마린|케이트 델 까스틸로,와이드 릴리즈(주),전체관람가
20151227,아빠는 딸,114,2016,20170412,장편,한국,코미디,김형협,윤제문|정소민,메가박스중앙(주)플러스엠,12세이상관람가
20167542,분노의 질주: 더 익스트림,136,2017,20170412,장편,캐나다|미국|일본|프랑스,스릴러|액션|범죄,F. 게리 그레이,빈 디젤|드웨인 존슨|제이슨 스타뎀|샤를리즈 테론,유니버설픽쳐스인터내셔널 코리아(유),15세이상관람가
20173690,흑집사 북 오브 더 아틀란틱,100,2017,20170413,장편,일본,액션|애니메이션|판타지|드라마,아베 노리유키,오노 다이스케|사카모토 마야,(주)박수엔터테인먼트,15세이상관람가
20170741,지니어스,103,2016,20170413,장편,미국|영국,드라마,마이클 그랜다지,콜린 퍼스|주드 로|니콜 키드먼,(주)라이크 콘텐츠,12세이상관람가
20173601,리틀 프린세스 소피아: 엘레나와 비밀의 아발로 왕국,63,2016,20170413,장편,미국,뮤지컬|애니메이션|어드벤처|가족|판타지,제이미 미첼,아리엘 윈터|아미 카레로|김미랑|이재현,월트디즈니컴퍼니코리아 유한책임회사,전체관람가
20174023,극장판 어드벤처 타임: 비밀의 아일랜드,86,2017,20170413,장편,미국,애니메이션,엘리자베스 이토,이지현|곽윤상|전진아|사문영|최낙윤|양유진|김보영|이명희,(주)팝엔터테인먼트,전체관람가
20172541,오두막,132,2017,20170420,장편,미국,드라마,스튜어트 하젤딘,샘 워싱턴|옥타비아 스펜서|팀 맥그로우,판씨네마(주),12세이상관람가
20179662,파워레인져스: 더 비기닝,124,2017,20170420,장편,미국,SF|액션|어드벤처|판타지,딘 이스라엘리트,데이커 몽고메리|나오미 스콧|RJ 사일러|루디 린|베키 지,(주)넥스트엔터테인먼트월드(NEW),12세이상관람가
20174561,더 플랜,102,2017,20170420,장편,한국,다큐멘터리,최진성,김어준|김재광|헨리 E. 브래디|필립 B. 스타크|데이비드 D. 딜|베브 해리스|클린트 커티스|존 C. 보니파즈,(주)엣나인필름,15세이상관람가
20172125,파운더,115,2016,20170420,장편,미국,드라마,존 리 행콕,마이클 키튼,CGV아트하우스,15세이상관람가
20173121,콜로설,109,2017,20170420,장편,스페인|캐나다,SF|액션|코미디,나초 비갈론도,앤 해서웨이|댄 스티븐스,(주)드림팩트엔터테인먼트,12세이상관람가
20172641,마리안느와 마가렛,77,2017,20170420,장편,한국,다큐멘터리,윤세영,마리안느 스퇴거|마가렛 피사렉,(주)팝엔터테인먼트,전체관람가
20175461,암살교실: 졸업편,117,2016,20170421,장편,일본,코미디|액션,하스미 에이이치로,야마다 료스케,(주)에이원엔터테인먼트,12세이상관람가
20161726,임금님의 사건수첩,114,2016,20170426,장편,한국,액션|코미디|어드벤처,문현성,이선균|안재홍,씨제이이앤엠(주),12세이상관람가
20173301,"서서평, 천천히 평온하게",78,2017,20170426,장편,한국,다큐멘터리,홍현정|홍주연,하정우|윤안나|안은새,커넥트픽쳐스(주),전체관람가
20162871,특별시민,130,2017,20170426,장편,한국,드라마,박인제,최민식|곽도원|심은경,(주)쇼박스,15세이상관람가
20164829,나는 부정한다,109,2016,20170426,장편,미국|영국,드라마,믹 잭슨,레이첼 와이즈|톰 윌킨슨|티모시 스폴,(주)티캐스트,12세이상관람가
20174165,극장판 또봇: 로봇군단의 습격,81,2017,20170427,장편,한국,애니메이션,이달|고동우,하룡이|신경선|이현,씨제이이앤엠(주),전체관람가
20175142,극장판 쿠로코의 농구 라스트 게임,91,2017,20170427,장편,일본,애니메이션,타다 슌스케,오노 켄쇼|오노 유키|카미야 히로시|스와베 쥰이치|오노 다이스케|키무라 료헤이,(주)박수엔터테인먼트,12세이상관람가
20161665,스머프: 비밀의 숲,89,2017,20170428,장편,미국,가족|애니메이션,캘리 애스버리,맨디 파틴킨|데미 로바토|레인 윌슨|조 맹가니엘로|잭 맥브레이어,소니픽쳐스엔터테인먼트코리아주식회사극장배급지점,전체관람가|전체관람가
20162722,보안관,115,2016,20170503,장편,한국,코미디|범죄,김형주,이성민|조진웅|김성균,롯데쇼핑㈜롯데엔터테인먼트,15세이상관람가
20174061,보스 베이비,97,2017,20170503,장편,미국,가족|애니메이션|코미디,톰 맥그라스,알렉 볼드윈|스티브 부세미|토비 맥과이어|마일즈 크리스토퍼 바크시|이현|이장원|문서윤,씨제이이앤엠(주),전체관람가|전체관람가
20163603,가디언즈 오브 갤럭시 VOL. 2,135,2017,20170503,장편,미국,SF|액션,제임스 건,크리스 프랫|조 샐다나,월트디즈니컴퍼니코리아 유한책임회사,12세이상관람가|12세이상관람가
20173061,슈퍼 빼꼼: 스파이 대작전,76,2017,20170503,장편,한국,코미디|애니메이션,임아론,김태균|최정현,메가박스중앙(주)플러스엠,전체관람가
20163185,언노운 걸,106,2016,20170503,장편,프랑스|벨기에,드라마,뤽 다르덴|장 피에르 다르덴,아델 아에넬,오드,12세이상관람가
20174501,오즈의 마법사 2,87,2016,20170503,장편,멕시코,어드벤처|애니메이션|판타지,알버토 마르,스티브 스테일리|멜리사 허치슨|신시아 스필만,㈜코리아스크린,전체관람가
20156708,석조저택 살인사건,108,2017,20170509,장편,한국,스릴러,정식|김휘,고수|김주혁|문성근|박성웅,씨네그루(주)키다리이엔티,15세이상관람가
20179382,에이리언: 커버넌트,121,2017,20170509,장편,뉴질랜드|미국|호주,스릴러|SF,리들리 스콧,마이클 패스벤더|캐서린 워터스톤,이십세기폭스코리아(주),15세이상관람가
20170321,목소리의 형태,129,2016,20170509,장편,일본,멜로/로맨스|애니메이션,야마다 나오코,이리노 미유|하야미 사오리,(주)디스테이션,전체관람가
20174644,길,86,2016,20170511,장편,한국,드라마,정인봉,김혜자|송재호|허진|온주완,(주)더블앤조이픽쳐스,12세이상관람가
20175262,겟 아웃,103,2017,20170517,장편,미국,드라마|공포(호러)|미스터리|스릴러,조던 필,다니엘 칼루유야|앨리슨 윌리엄스|브래드리 휘트포드|캐서린 키너,유니버설픽쳐스인터내셔널 코리아(유),15세이상관람가
20164844,불한당: 나쁜 놈들의 세상,119,2016,20170517,장편,한국,드라마|범죄|액션,변성현,설경구|임시완,씨제이이앤엠(주),청소년관람불가
20173961,킹 아서: 제왕의 검,126,2017,20170517,장편,미국|영국|호주,어드벤처|판타지|액션,가이 리치,찰리 허냄|주드 로,워너브러더스 코리아(주),12세이상관람가|12세이상관람가
20174721,로스트 인 파리,82,2016,20170518,장편,벨기에|프랑스,어드벤처|멜로/로맨스,피오나 고든|도미니크 아벨,도미니크 아벨|피오나 고든,그린나래미디어(주),12세이상관람가
20170982,캐리비안의 해적: 죽은 자는 말이 없다,128,2017,20170524,장편,미국,코미디|액션|어드벤처|판타지,요아킴 뢰닝|에스펜 샌버그,조니 뎁|하비에르 바르뎀|제프리 러쉬|브렌튼 스웨이츠|카야 스코델라리오,월트디즈니컴퍼니코리아 유한책임회사,12세이상관람가|12세이상관람가
20174602,노무현입니다,109,2017,20170525,장편,한국,다큐멘터리,이창재,노무현,CGV아트하우스|영화사 풀,12세이상관람가
20173642,너와 100번째 사랑,116,2017,20170525,장편,일본,멜로/로맨스|드라마,츠키카와 쇼,사카구치 켄타로|미와,(주)디스테이션,12세이상관람가
20169348,대립군,129,2017,20170531,장편,한국,사극|드라마,정윤철,이정재|여진구|김무열,이십세기폭스코리아(주),15세이상관람가
20168261,원더 우먼,140,2017,20170531,장편,미국,SF|액션|어드벤처|판타지,팻티 젠킨스,갤 가돗|크리스 파인,워너브러더스 코리아(주),12세이상관람가|12세이상관람가
20174803,7번째 내가 죽던 날,98,2017,20170531,장편,미국,미스터리|드라마,라이 루소 영,조이 도이치|할스턴 세이지,씨네그루(주)키다리이엔티,15세이상관람가
20160483,꿈의 제인,104,2016,20170531,장편,한국,드라마,조현훈,이민지|구교환|이주영,(주)엣나인필름|CGV아트하우스,청소년관람불가
20176141,베이블레이드 버스트 갓 : 갓 발키리의 탄생,78,2017,20170601,장편,일본,애니메이션,야마구치 켄타로,김현지|한신,씨제이이앤엠(주),전체관람가
20174821,바다 탐험대 옥토넛 시즌4: 더 파이널,57,2017,20170601,장편,영국,어드벤처|애니메이션,다라 오코넬,하성용|정재헌|엄상현|윤승희|김정은|유동균|김율|한경화,와이드 릴리즈(주),전체관람가
20175581,파워배틀 와치카: 와치가면의 역습,73,2017,20170601,장편,한국,애니메이션,김래경|이영준,엄상현|전태열|정혜원|정영웅,(주)삼지애니메이션,전체관람가
20166488,미이라,110,2017,20170606,장편,미국,판타지|액션|어드벤처,알렉스 커츠먼,톰 크루즈|소피아 부텔라|애나벨 월리스,유니버설픽쳐스인터내셔널 코리아(유),15세이상관람가|15세이상관람가
20162343,악녀,123,2017,20170608,장편,한국,액션,정병길,김옥빈|신하균|성준|김서형|조은지,(주)넥스트엔터테인먼트월드(NEW),청소년관람불가
20168041,용순,104,2017,20170608,장편,한국,드라마,신준,이수경|최덕문,롯데쇼핑㈜롯데엔터테인먼트,15세이상관람가
20173833,심야식당 2,107,2016,20170608,장편,일본,드라마,마츠오카 조지,코바야시 카오루,(주)디스테이션,12세이상관람가
20176983,킹 오브 프리즘 프라이드 더 히어로,70,2017,20170610,장편,일본,애니메이션,히시다 마사카즈,남도형|엄상현|이원찬|카키하라 테츠야|마에노 토모아키|마스다 토시키,동우에이앤이(주)|(주)박수엔터테인먼트,15세이상관람가
20166384,하루,90,2017,20170615,장편,한국,스릴러,조선호,김명민|변요한,CGV아트하우스,15세이상관람가
20175662,엘르,130,2016,20170615,장편,벨기에|프랑스|독일,스릴러|드라마,폴 버호벤,이자벨 위페르,소니픽쳐스엔터테인먼트코리아주식회사극장배급지점,청소년관람불가
20172241,꼬마돼지 베이브의 대모험,79,2017,20170615,장편,독일,어드벤처|애니메이션,테레사 스트로젝,악셀 프랄|미카엘 케슬러|랄프 슈미츠,(주)박수엔터테인먼트,전체관람가
20175423,나의 붉은고래,101,2016,20170615,장편,중국,판타지|애니메이션,장춘|양선,계관림|허위주|소상경,(주)영화사 빅,전체관람가
20176741,꼬마참새 리차드: 아프리카 원정대,83,2017,20170615,장편,노르웨이|독일|벨기에|룩셈부르크,애니메이션,레자 메마리|토비 젠켈,김서영|구민선|변영희,씨네그루(주)키다리이엔티,전체관람가
20166967,트랜스포머: 최후의 기사,150,2016,20170621,장편,미국,SF|액션|어드벤처,마이클 베이,마크 월버그|안소니 홉킨스|로라 하독|조쉬 더하멜,롯데쇼핑㈜롯데엔터테인먼트,12세이상관람가|12세이상관람가
20175982,다크 하우스,99,2016,20170622,장편,미국,스릴러|공포(호러),대런 린 보우즈만,제시카 론디스|조 앤더슨|데이턴 칼리|린 샤예,(주)스톰픽쳐스코리아|(주)디스테이션,청소년관람불가
20175821,언더더씨,71,2016,20170622,장편,미국,애니메이션,에반 트라멜,이현|김연우|황창영|김경희,(주)팝엔터테인먼트,전체관람가
20176201,더 서클,109,2017,20170622,장편,미국,스릴러|드라마|SF,제임스 폰솔트,엠마 왓슨|톰 행크스,씨네그루(주)키다리이엔티,12세이상관람가
20178982,박열,128,2017,20170628,장편,한국,드라마,이준익,이제훈|최희서|김인우,메가박스중앙(주)플러스엠,12세이상관람가
20159647,리얼,137,2016,20170628,장편,한국,액션,이사랑,김수현|성동일|이성민,씨제이이앤엠(주),청소년관람불가
20176961,지랄발광 17세,105,2016,20170628,장편,미국,드라마|코미디,켈리 프레몬,헤일리 스테인펠드,소니픽쳐스엔터테인먼트코리아주식회사극장배급지점,15세이상관람가
20158485,옥자,120,2017,20170629,장편,미국,드라마|어드벤처|액션,봉준호,틸다 스윈튼|폴 다노|안서현,(주)넥스트엔터테인먼트월드(NEW),12세이상관람가
20178121,부니베어: 로거빅 컴백홈 프로젝트,68,2015,20170629,장편,중국,애니메이션,정량,박상훈|홍진욱|윤세웅|임채헌|장병군|장위|담소,예지림엔터테인먼트,전체관람가
20177202,토마스와 친구들: 수수께끼 해적선과 보물찾기,60,2015,20170629,장편,영국,애니메이션,데이비드 스토튼,존 해슬러|마크 모라한,KBS 미디어,전체관람가
20167303,스파이더맨: 홈 커밍,133,2017,20170705,장편,미국,SF|액션|어드벤처,존 왓츠,톰 홀랜드|로버트 다우니 주니어|마이클 키튼,소니픽쳐스엔터테인먼트코리아주식회사극장배급지점,12세이상관람가|12세이상관람가
20176102,그 후,91,2017,20170706,장편,한국,드라마,홍상수,권해효,(주)영화제작전원사 |(주)콘텐츠판다,청소년관람불가
20176511,베를린 신드롬,116,2017,20170706,장편,호주,스릴러,케이트 쇼트랜드,테레사 팔머|막스 리멜트,예지림엔터테인먼트,청소년관람불가
20177501,플립,89,2010,20170712,장편,미국,멜로/로맨스|드라마,롭 라이너,매들린 캐롤|콜런 맥올리프,(주)팝엔터테인먼트,12세이상관람가
20174801,내 사랑,115,2016,20170712,장편,캐나다|아일랜드,멜로/로맨스|드라마,에이슬링 월쉬,에단 호크|샐리 호킨스,오드,12세이상관람가
20175522,카3: 새로운 도전,108,2017,20170713,장편,미국,가족|애니메이션|어드벤처|코미디,브라이언 피,오웬 윌슨|아미 해머|크리스텔라 알론조|오인성|신용우|김현심,월트디즈니컴퍼니코리아 유한책임회사,전체관람가
20176562,예수는 역사다,113,2017,20170713,장편,미국,드라마,존 건,마이크 보겔,(재)CBS,전체관람가
20177181,47 미터,89,2017,20170719,장편,영국,공포(호러)|스릴러,요하네스 로버츠,맨디 무어|클레어 홀트,씨네그루(주)키다리이엔티,15세이상관람가
20176781,내가 죽기 전에 가장 듣고 싶은 말,107,2017,20170719,장편,미국,코미디,마크 펠링톤,셜리 맥클레인|아만다 사이프리드|앤주얼 리 딕슨,(주)메인타이틀픽쳐스|주식회사 키위컴퍼니,12세이상관람가
20164621,덩케르크,106,2017,20170720,장편,영국|미국,전쟁|액션|드라마|스릴러,크리스토퍼 놀란,톰 하디|마크 라이런스|케네스 브래너|킬리언 머피|핀 화이트헤드,워너브러더스 코리아(주),12세이상관람가
20178321,극장판 짱구는 못말려 : 습격!! 외계인 덩덩이,103,2017,20170720,장편,일본,애니메이션,하시모토 마사카즈,박영남|양정화|김환진|강희선|여민정|정유미|정혜옥|이장원,씨제이이앤엠(주),전체관람가
20177761,오즈: 신기한 마법가루,90,2017,20170720,장편,러시아,가족|애니메이션|어드벤처,블라디미르 토로프킨,김하영|황창영|서원석|이현|이장원|송하림,(주)스마일이엔티,전체관람가
20177701,위시 어폰,90,2017,20170720,장편,미국,공포(호러),존 R. 레오네티,조이 킹|이기홍|시드니 파크|라이언 필립,(주)이수C&E,15세이상관람가
20173403,슈퍼배드 3,89,2017,20170726,장편,미국,애니메이션,카일 발다|피에르 꼬팽,스티브 카렐|크리스튼 위그|트레이 파커,유니버설픽쳐스인터내셔널 코리아(유),전체관람가|전체관람가
20161481,군함도,132,2017,20170726,장편,한국,드라마|액션,류승완,황정민|소지섭|송중기|이정현|김수안,씨제이이앤엠(주),15세이상관람가
20178646,송 투 송,128,2017,20170726,장편,미국,멜로/로맨스|드라마,테렌스 맬릭,라이언 고슬링|루니 마라|마이클 패스벤더|나탈리 포트만,CGV아트하우스,청소년관람불가
20162869,택시운전사,137,2017,20170802,장편,한국,드라마,장훈,송강호|토마스 크레취만|유해진|류준열,(주)쇼박스,15세이상관람가
20170124,명탐정 코난:진홍의 연가,112,2017,20170802,장편,일본,애니메이션,시즈노 코분,타카야마 미나미|야마자키 와카나|코야마 리키야,씨제이이앤엠(주),12세이상관람가
20179186,이모티: 더 무비,91,2017,20170802,장편,미국,어드벤처|애니메이션,토니 레온디스,심규혁|김서영|신경선|이재현|한상덕|김현심|T.J. 밀러|제임스 코든|안나 패리스|패트릭 스튜어트|일라나 글레이저|스티븐 라이트,소니픽쳐스엔터테인먼트코리아주식회사극장배급지점,전체관람가
20178762,파리로 가는 길,92,2016,20170803,장편,미국,멜로/로맨스|드라마,엘레노어 코폴라,다이안 레인|알렉 볼드윈|아르노 비야르,(주)티캐스트,12세이상관람가
20162442,청년경찰,108,2017,20170809,장편,한국,액션,김주환,박서준|강하늘,롯데쇼핑㈜롯데엔터테인먼트,15세이상관람가
20178641,빅풋 주니어,91,2017,20170809,장편,프랑스|벨기에,가족|애니메이션|어드벤처,벤 스타센|제레미 드그루손,우정신|임채헌|박상훈|최정현|홍진욱|이현|김연우|황창영|이소은|김현욱|이규창,(주)이수C&E,전체관람가|전체관람가
20161081,애나벨 : 인형의 주인,108,2017,20170810,장편,미국,공포(호러),데이비드 F. 샌드버그,스테파니 시그만|탈리사 베이트먼|루루 윌슨,워너브러더스 코리아(주),15세이상관람가
20179085,극장판 도라에몽: 진구의 남극 꽁꽁 대모험,100,2017,20170810,장편,일본,어드벤처|애니메이션|SF|가족,다카하시 아츠시,채민지|김정아|미즈타 와사비|오오하라 메구미,(주)넥스트엔터테인먼트월드(NEW),전체관람가
20179901,혹성탈출: 종의 전쟁,139,2017,20170815,장편,미국,SF|액션|어드벤처|드라마,맷 리브스,앤디 서키스|우디 해럴슨,이십세기폭스코리아(주),12세이상관람가|12세이상관람가
20179226,드래곤 스펠: 마법 꽃의 비밀,86,2016,20170815,장편,우크라이나|독일,판타지|애니메이션,마누크 데포얀,방지원|이세원,㈜코리아스크린,전체관람가
20179187,공범자들,105,2017,20170817,장편,한국,다큐멘터리,최승호,이명박|김재철|김장겸|고대영,(주)엣나인필름,15세이상관람가
20151003,장산범,99,2017,20170817,장편,한국,스릴러|미스터리,허정,염정아|박혁권,(주)넥스트엔터테인먼트월드(NEW),15세이상관람가
20170022,다크타워: 희망의 탑,94,2017,20170823,장편,미국,판타지|액션|어드벤처,니콜라이 아르셀,매튜 맥커너히|이드리스 엘바|톰 테일러,소니픽쳐스엔터테인먼트코리아주식회사극장배급지점,15세이상관람가
20164174,브이아이피,127,2017,20170823,장편,한국,드라마|범죄,박훈정,김명민|장동건|박희순|이종석,워너브러더스 코리아(주),청소년관람불가
20165001,더 테이블,70,2016,20170824,장편,한국,멜로/로맨스|드라마,김종관,정유미|한예리|정은채,(주)엣나인필름,12세이상관람가
20170389,극장판 위 베어 베어스: 곰 브라더스,61,2017,20170824,장편,미국,애니메이션,매니 에르난데스,송준석|김명준|이주창,(주)팝엔터테인먼트,전체관람가
20158047,발레리안: 천 개 행성의 도시,136,2017,20170830,장편,프랑스,SF|액션|어드벤처,뤽 베송,데인 드한|카라 델러비인,판씨네마(주),12세이상관람가|12세이상관람가
20179407,로마의 휴일,107,2017,20170830,장편,한국,드라마|코미디,이덕희,임창정|공형진|정상훈,메가박스중앙(주)플러스엠,15세이상관람가
20171962,킬러의 보디가드,118,2017,20170830,장편,미국,코미디|액션,패트릭 휴즈,라이언 레이놀즈|사무엘 L. 잭슨,(주)제이앤씨미디어그룹|TCO(주)더콘텐츠온,15세이상관람가
20179491,아토믹 블론드,114,2017,20170830,장편,미국,액션,데이빗 레이치,제임스 맥어보이|소피아 부텔라|샤를리즈 테론,씨네그루(주)키다리이엔티,청소년관람불가
20166132,김광석,81,2017,20170830,장편,한국,다큐멘터리,이상호,김광석,(주)비엠컬쳐스,15세이상관람가
20154909,살인자의 기억법,118,2016,20170906,장편,한국,스릴러|범죄,원신연,설경구|김남길|설현|오달수,(주)쇼박스,15세이상관람가
20179696,그것,134,2017,20170906,장편,미국,드라마|공포(호러),안드레스 무시에티,빌 스카스가드|제이든 마텔,워너브러더스 코리아(주),15세이상관람가
20170268,매혹당한 사람들,93,2017,20170906,장편,미국,드라마|스릴러,소피아 코폴라,니콜 키드먼|커스틴 던스트|엘르 패닝|콜린 파렐,유니버설픽쳐스인터내셔널 코리아(유),15세이상관람가
20171923,저수지 게임,100,2017,20170907,장편,한국,다큐멘터리,최진성,주진우|조미래|정재호|홍익표|이종걸|정두언|이요섭|김우남,(주)스마일이엔티,15세이상관람가
20171022,극장판 에그엔젤 코코밍: 푸르밍과 두근두근 코코밍 세계,76,2017,20170907,장편,일본,애니메이션,닛타 노리오,이지현|여윤미|여민정|혼도 카에데|한 메구미,씨제이이앤엠(주),전체관람가
20172148,몬스터 섬의 비밀,69,2017,20170907,장편,멕시코,애니메이션,레오폴도 아귈라,신정훈|박상우|조연우|박정욱|오은수|방지원,(주)박수엔터테인먼트,전체관람가
20171090,베이비 드라이버,112,2017,20170914,장편,영국,스릴러|액션|범죄,에드가 라이트,안셀 엘고트|케빈 스페이시|릴리 제임스|에이사 곤살레스|존 햄|제이미 폭스,소니픽쳐스엔터테인먼트코리아주식회사극장배급지점,15세이상관람가
20177541,아메리칸 메이드,114,2017,20170914,장편,미국,액션|범죄,더그 라이만,톰 크루즈|도널 글리슨,유니버설픽쳐스인터내셔널 코리아(유),15세이상관람가
20160703,"좋아해, 너를",106,2015,20170914,장편,일본,멜로/로맨스|드라마,이마이즈미 리키야,렌|아오야기 후미코,(주)디오시네마,12세이상관람가
20170607,몬스터 콜,108,2016,20170914,장편,스페인,드라마|판타지,후안 안토니오 바요나,시고니 위버|펠리시티 존스|루이스 맥두걸|리암 니슨,롯데쇼핑㈜롯데엔터테인먼트,12세이상관람가
20170302,윈드 리버,111,2016,20170914,장편,캐나다|미국|영국,스릴러|액션,테일러 쉐리던,제레미 레너|엘리자베스 올슨,(주)유로커뮤니케이션,15세이상관람가
20173945,인비저블 게스트,106,2016,20170921,장편,스페인,스릴러|범죄|미스터리,오리올 파울로,마리오 카사스,(주)더블앤조이픽쳐스,15세이상관람가
20174142,아이 캔 스피크,118,2017,20170921,장편,한국,코미디,김현석,나문희|이제훈,롯데쇼핑㈜롯데엔터테인먼트|(주)리틀빅픽쳐스,12세이상관람가
20168241,잃어버린 도시 Z,140,2016,20170921,장편,미국,드라마|액션|어드벤처,제임스 그레이,찰리 허냄|로버트 패틴슨|시에나 밀러|톰 홀랜드,(주)영화사 빅,12세이상관람가
20175222,킹스맨: 골든 서클,140,2017,20170927,장편,영국|미국,코미디|액션|어드벤처,매튜 본,콜린 퍼스|줄리안 무어|태런 에저튼,이십세기폭스코리아(주),청소년관람불가
20172142,극장판 요괴워치: 하늘을 나는 고래와 더블세계다냥!,89,2016,20170927,장편,일본,애니메이션,요코이 타케시|우시로 신지,박경혜|홍범기|김현지|김가령|정유정|방연지|정혜옥|김율|강호철|신용우|이호산|김새해|임윤선|김정훈|정선혜|여윤미|김보영|김채하|한신|현경수|이미자|이수진|김신우|손수호|김지율,씨제이이앤엠(주),전체관람가
20171312,우리의 20세기,118,2016,20170927,장편,미국,드라마,마이크 밀스,아네트 베닝|엘르 패닝|그레타 거윅,그린나래미디어(주),15세이상관람가
20169463,다시 태어나도 우리,95,2016,20170927,장편,한국,다큐멘터리,문창용|전진,파드마 앙뚜|우르갼 리크젠,(주)엣나인필름,전체관람가
20170364,레고 닌자고 무비,101,2017,20170928,장편,미국,가족|애니메이션|액션|코미디|어드벤처,찰리 빈,데이브 프랭코|올리비아 문|저스틴 서룩스|성룡|마이클 페나,워너브러더스 코리아(주),전체관람가|전체관람가
20172627,리틀 프린세스 소피아 : 신비한 섬,63,2017,20170928,장편,미국,뮤지컬|애니메이션|어드벤처|가족|판타지,제이미 미첼,김미랑|서지연|아리엘 윈터|다시 로즈 번스,월트디즈니컴퍼니코리아 유한책임회사,전체관람가
20172742,범죄도시,121,2017,20171003,장편,한국,액션|범죄,강윤성,마동석|윤계상,메가박스중앙(주)플러스엠|(주)키위미디어그룹,청소년관람불가
20165450,남한산성,140,2017,20171003,장편,한국,드라마|사극,황동혁,이병헌|김윤석|박해일|고수|박희순,씨제이이앤엠(주),15세이상관람가
20171817,넛잡 2,91,2017,20171003,장편,중국|한국|캐나다,가족|애니메이션|어드벤처|코미디,캘런 브런커,윌 아넷|캐서린 헤이글|성룡|이사벨라 모너|마야 루돌프|세바스찬 매니스칼코,롯데쇼핑㈜롯데엔터테인먼트,전체관람가
20171369,매직울프,86,2017,20171003,장편,러시아,코미디|애니메이션|어드벤처,막심 볼코브|안드레이 갈랏,톰 펠튼|JB 블랭크|로스 마퀀드|차이나 앤 맥클레인|토마스 이안 니콜라스,(주)박수엔터테인먼트,전체관람가
20170964,딥,85,2017,20171003,장편,스페인,어드벤처|애니메이션|뮤지컬,줄리오 소토 거피드,심규혁|사문영|이인성|이지현,(주)이수C&E,전체관람가
20173092,어메이징 메리,101,2017,20171004,장편,미국,드라마,마크 웹,크리스 에반스|맥케나 그레이스|린제이 던칸|제니 슬레이트|옥타비아 스펜서,이십세기폭스코리아(주),12세이상관람가
20154907,희생부활자,91,2015,20171012,장편,한국,스릴러|미스터리,곽경택,김래원|김해숙,(주)쇼박스,15세이상관람가
20168282,블레이드 러너 2049,163,2017,20171012,장편,미국,액션|SF,드니 빌뇌브,라이언 고슬링|해리슨 포드|아나 드 아르마스|실비아 혹스|자레드 레토,소니픽쳐스엔터테인먼트코리아주식회사극장배급지점,15세이상관람가
20176767,"나는 내일, 어제의 너와 만난다",110,2016,20171012,장편,일본,SF|멜로/로맨스|판타지,미키 타카히로,후쿠시 소타|고마츠 나나,(주)디스테이션,12세이상관람가
20172942,나의 엔젤,79,2017,20171012,장편,프랑스,멜로/로맨스,해리 클레븐,플뢰르 게프리에,CGV아트하우스,청소년관람불가
20175943,주키퍼스 와이프,126,2017,20171012,장편,영국|미국,전쟁|드라마,니키 카로,제시카 차스테인|요한 헬덴베르그|다니엘 브륄,(주)영화사 빅,12세이상관람가
20164424,대장 김창수,114,2017,20171019,장편,한국,드라마,이원태,조진웅|송승헌,씨네그루(주)키다리이엔티|주식회사 키위컴퍼니,12세이상관람가
20173694,지오스톰,108,2017,20171019,장편,미국,스릴러|액션|SF,대니 캐넌|딘 데블린,제라드 버틀러|짐 스터게스|애비 코니쉬|에드 해리스,워너브러더스 코리아(주),12세이상관람가|12세이상관람가
20172064,마더!,121,2017,20171019,장편,미국,스릴러|드라마|미스터리,대런 아로느프스키,제니퍼 로렌스|하비에르 바르뎀,롯데쇼핑㈜롯데엔터테인먼트,청소년관람불가
20173806,노 게임 노 라이프 -제로-,106,2017,20171019,장편,일본,애니메이션,이시즈카 아츠코,마츠오카 요시츠구|카야노 아이|히카사 요코|타무라 유카리,(주)박수엔터테인먼트,12세이상관람가
20176761,잠깐만 회사 좀 관두고 올게,113,2017,20171019,장편,일본,드라마,나루시마 이즈루,후쿠시 소타|쿠도 아스카,(주)이수C&E,12세이상관람가
20171024,너의 췌장을 먹고 싶어,115,2017,20171025,장편,일본,드라마,츠키카와 쇼,키타무라 타쿠미|하마베 미나미,(주)넥스트엔터테인먼트월드(NEW),12세이상관람가
20175121,토르: 라그나로크,130,2017,20171025,장편,미국,SF|액션|어드벤처|판타지,타이카 와이티티,크리스 헴스워스|톰 히들스턴|케이트 블란쳇,월트디즈니컴퍼니코리아 유한책임회사,12세이상관람가
20164481,유리정원,116,2017,20171025,장편,한국,드라마|미스터리,신수원,문근영|김태훈|서태화,(주)리틀빅픽쳐스,12세이상관람가
20175208,뷰티풀 투모로우,67,2017,20171026,장편,한국,드라마,장재혁,박효신|정재일,씨제이 씨지브이(CJ CGV)(주),12세이상관람가
20174103,배저로와 친구들: 신비한 모험,75,2015,20171026,장편,노르웨이,판타지|애니메이션|코미디|가족|어드벤처|뮤지컬,라스무스 A. 실버르센|룬 스파안스,김기철|최한|안현서|신경선|존 F. 브룬고트|헤르만 사바도,와이드 릴리즈(주),전체관람가
20173724,직쏘,91,2017,20171102,장편,미국,범죄|공포(호러)|스릴러,마이클 스피어리그|피터 스피어이그,토빈 벨,㈜코리아스크린,청소년관람불가
20169643,침묵,125,2017,20171102,장편,한국,드라마,정지우,최민식|박신혜|류준열|이하늬|박해준|조한철|이수경,씨제이이앤엠(주),15세이상관람가
20172603,부라더,102,2017,20171102,장편,한국,코미디,장유정,마동석|이동휘|이하늬,메가박스중앙(주)플러스엠,12세이상관람가
20173612,메소드,81,2017,20171102,장편,한국,드라마,방은진,박성웅|윤승아|오승훈,(주)엣나인필름,15세이상관람가
20173804,배드 지니어스,129,2017,20171102,장편,태국,스릴러,나타우트 푼프리야,추티몬 충차로엔수킹|차논 산티네톤쿤|에이샤 호수완|티라돈 수파펀핀요,(주)팝엔터테인먼트,15세이상관람가
20177342,내게 남은 사랑을,111,2017,20171102,장편,한국,드라마,진광교,성지루|전미선|권소현|홍석|이예원,(주)비엠컬쳐스,12세이상관람가
20174902,신서유기 : 몽키킹의 부활,83,2015,20171102,장편,중국,애니메이션|액션|어드벤처,텐 샤오펑,조연우|오은수|신정훈|박상우|이민형|방지원|성룡|장뢰,예지림엔터테인먼트,전체관람가
20174622,해피 데스데이,96,2017,20171108,장편,미국,스릴러|공포(호러)|미스터리,크리스토퍼 랜던,제시카 로테|이스라엘 브루사드,유니버설픽쳐스인터내셔널 코리아(유),15세이상관람가
20179942,러빙 빈센트,94,2017,20171109,장편,폴란드|영국,미스터리|애니메이션,휴 웰치맨|도로타 코비엘라,0,판씨네마(주),15세이상관람가
20175441,채비,114,2017,20171109,장편,한국,드라마,조영준,고두심|김성균,오퍼스픽쳐스(유),12세이상관람가
20161681,미옥,90,2017,20171109,장편,한국,액션|범죄,이안규,김혜수|이선균|이희준,씨네그루(주)키다리이엔티,청소년관람불가
20175244,극장판 파워레인저: 애니멀포스 VS 닌자포스 미래에서 온 메시지,57,2017,20171109,장편,일본,액션,타케모토 노보루,쇼헤이 난바|타테이시 하루카|니시카와 슌스케|마츠모토 가쿠|나카무라 카이토|야노 유카|야마야 카스미|타와다 히데야,(주)넥스트엔터테인먼트월드(NEW),전체관람가
20173931,리빙보이 인 뉴욕,88,2017,20171109,장편,미국,드라마|멜로/로맨스,마크 웹,칼럼 터너|제프 브리지스|케이트 베킨세일|키어시 클레몬스|피어스 브로스넌|신시아 닉슨,주식회사 더쿱,15세이상관람가
20168754,7호실,100,2017,20171115,장편,한국,코미디,이용승,신하균|디오,롯데쇼핑㈜롯데엔터테인먼트,15세이상관람가
20168221,저스티스 리그,119,2017,20171115,장편,미국,SF|액션|어드벤처|판타지,잭 스나이더,벤 애플렉|갤 가돗|제이슨 모모아|레이 피셔|에즈라 밀러|헨리 카빌,워너브러더스 코리아(주),12세이상관람가|12세이상관람가
20174778,하이큐!! 재능과 센스,89,2017,20171115,장편,일본,애니메이션,미츠나카 스스무,양정화|심규혁|성완경|구자형|류승곤|무라세 아유무|이시카와 카이토|히노 사토시|이리노 미유|하야시 이사무,(주)이수C&E,12세이상관람가
20175611,페이트 스테이 나이트 헤븐즈필 제1장 프레시지 플라워,121,2017,20171116,장편,일본,판타지|애니메이션|액션,스도 토모노리,스기야마 노리아키|시타야 노리코|카미야 히로시|카와스미 아야코|우에다 카나,(주)박수엔터테인먼트,15세이상관람가
20165748,꾼,116,2017,20171122,장편,한국,범죄,장창원,현빈|유지태|배성우|박성웅|나나|안세하,(주)쇼박스,15세이상관람가
20174222,키드냅,94,2017,20171122,장편,미국,스릴러|액션,루이스 프리에토,할리 베리,(주)제이앤씨미디어그룹,15세이상관람가
20175223,래빗 스쿨,75,2017,20171123,장편,독일,가족|애니메이션,우테 폰 뮌쇼폴,황창영|민아|최정현|임채헌|박상훈,예지림엔터테인먼트,전체관람가
20173903,역모-반란의 시대,102,2015,20171123,장편,한국,액션|사극,김홍선,정해인|김지훈,(주)스톰픽쳐스코리아,15세이상관람가
20175288,피터와 모글리의 크리스마스 어드벤처,75,2016,20171123,장편,인도,애니메이션,타파스 차크라바르티,0,(주)팝엔터테인먼트,전체관람가
20161762,반드시 잡는다,110,2017,20171129,장편,한국,스릴러,김홍선,백윤식|성동일,(주)넥스트엔터테인먼트월드(NEW),15세이상관람가
20178581,오리엔트 특급 살인,113,2017,20171129,장편,미국,범죄|드라마|미스터리,케네스 브래너,케네스 브래너|페넬로페 크루즈|윌렘 데포|주디 덴치|조니 뎁|조시 게드|데릭 자코비|레슬리 오덤 주니어|미셸 파이퍼|데이지 리들리,이십세기폭스코리아(주),12세이상관람가
20173581,기억의 밤,108,2017,20171129,장편,한국,스릴러|미스터리,장항준,강하늘|김무열,메가박스중앙(주)플러스엠|주식회사 키위컴퍼니,15세이상관람가
20174073,빅 배드 폭스,82,2017,20171130,장편,프랑스,애니메이션,벤자민 레너,카메레 압둘사독|쥘 비앙브뉘,(주)스마일이엔티,전체관람가
20174846,뽀로로 극장판 공룡섬 대모험,78,2017,20171207,장편,한국,애니메이션,윤제완|김현호,이선|이미자|함수정|홍소영|정미숙|김서영|김환진,(주)넥스트엔터테인먼트월드(NEW),전체관람가
20174585,메리와 마녀의 꽃,102,2017,20171207,장편,일본,어드벤처|애니메이션,요네바야시 히로마사,스기사키 하나|카미키 류노스케|김영은|심규혁,CGV아트하우스,전체관람가
20170272,산상수훈,124,2017,20171207,장편,한국,드라마,유영의,백서빈,(주)그란|이언픽쳐스,전체관람가
20173693,어쌔신: 더 비기닝,111,2017,20171207,장편,미국,액션,마이클 쿠에스타,딜런 오브라이언|마이클 키튼|산나 라단|테일러 키취,(주)이수C&E,15세이상관람가
20175903,은혼,130,2017,20171207,장편,일본,코미디|액션|어드벤처,후쿠다 유이치,오구리 슌|스다 마사키|하시모토 칸나,(주)라이크 콘텐츠,12세이상관람가
20170402,강철비,139,2017,20171214,장편,한국,드라마|액션,양우석,정우성|곽도원,(주)넥스트엔터테인먼트월드(NEW),15세이상관람가
20170443,스타워즈: 라스트 제다이,151,2017,20171214,장편,미국,SF|액션|어드벤처|판타지,라이언 존슨,마크 해밀|캐리 피셔|아담 드라이버|데이지 리들리|존 보예가|오스카 아이삭,월트디즈니컴퍼니코리아 유한책임회사,12세이상관람가|12세이상관람가
20175481,튤립 피버,104,2017,20171214,장편,미국|영국,멜로/로맨스|드라마,저스틴 채드윅,알리시아 비칸데르|데인 드한|크리스토프 왈츠,(주)팝엔터테인먼트,청소년관람불가
20176367,극장판 숲의 요정 페어리루 ~크리스마스의 기적: 마법의 날개~,64,2017,20171214,장편,일본,애니메이션,고로 사쿠라,조경이|이재현|이지현|윤아영|남도형,(주)이수C&E|(주)에이원엔터테인먼트,전체관람가
20150976,신과함께-죄와 벌,139,2017,20171220,장편,한국,드라마|판타지,김용화,하정우|차태현|주지훈|김향기|김동욱|마동석,롯데쇼핑㈜롯데엔터테인먼트,12세이상관람가
20179462,위대한 쇼맨,104,2017,20171220,장편,미국,뮤지컬|드라마,마이클 그레이시,휴 잭맨|잭 에프론,이십세기폭스코리아(주),12세이상관람가
20174965,극장판 포켓몬스터 너로 정했다!,97,2017,20171221,장편,일본,가족|애니메이션|어드벤처,유야마 쿠니히코,마츠모토 리카|오오타니 이쿠에,(주)이수C&E,전체관람가
20176082,몬스터 패밀리,92,2017,20171221,장편,독일,애니메이션,호거 태프,김태균|정찬우|임채현|정미숙|이채헌|윤아영|김옥경,씨네그루(주)키다리이엔티,전체관람가
20176049,패터슨,118,2016,20171221,장편,미국|프랑스|독일,드라마,짐 자무쉬,아담 드라이버|골쉬프테 파라하니,그린나래미디어(주),12세이상관람가
20176022,더 크리스마스,85,2017,20171221,장편,미국,어드벤처|애니메이션,티모시 렉카트,스티븐 연|지나 로드리게스|재커리 리바이|키건 마이클 키|켈리 클락슨|패트리샤 히튼,소니픽쳐스엔터테인먼트코리아주식회사극장배급지점,전체관람가
20170590,1987,129,2017,20171227,장편,한국,드라마,장준환,김윤석|하정우|유해진|김태리|박희순|이희준,씨제이이앤엠(주),15세이상관람가
20176947,원더,113,2017,20171227,장편,미국,드라마,스티븐 크보스키,제이콥 트렘블레이|줄리아 로버츠|오웬 윌슨,CGV아트하우스,전체관람가
20177479,극장판 프리파라 모두의 동경♪ 렛츠고☆프리파리,65,2017,20171228,장편,일본,애니메이션,모리와키 마코토,아카네야 히미카|세리자와 유|쿠보타 미유,(주)박수엔터테인먼트,전체관람가
20177104,페르디난드,107,2017,20180103,장편,미국,코미디|애니메이션|어드벤처,카를로스 살다나,존 시나,이십세기폭스코리아(주),전체관람가|전체관람가
20171909,쥬만지: 새로운 세계,118,2017,20180103,장편,미국,어드벤처|액션,제이크 캐스단,드웨인 존슨|케빈 하트|잭 블랙|카렌 길런,소니픽쳐스엔터테인먼트코리아주식회사극장배급지점,12세이상관람가|12세이상관람가
20179985,코코,126,2017,20180111,장편,미국,애니메이션,리 언크리치,가엘 가르시아 베르날|안소니 곤잘레스|벤자민 브랫|르네 빅터,월트디즈니컴퍼니코리아 유한책임회사,전체관람가
20173547,다운사이징,135,2017,20180111,장편,미국,코미디|드라마,알렉산더 페인,맷 데이먼|크리스튼 위그|크리스토프 왈츠,롯데쇼핑㈜롯데엔터테인먼트,15세이상관람가
20177602,"쏘아올린 불꽃, 밑에서 볼까? 옆에서 볼까?",90,2017,20180111,장편,일본,멜로/로맨스|애니메이션,신보 아키유키,히로세 스즈|스다 마사키|미야노 마모루,(주)넥스트엔터테인먼트월드(NEW),15세이상관람가
20179286,하이큐!! 콘셉트의 싸움,88,2017,20180111,장편,일본,애니메이션,미츠나카 스스무,양정화|심규혁|성완경|구자형|류승곤|무라세 아유무|이시카와 카이토|히노 사토시|이리노 미유|하야시 이사무,(주)팝엔터테인먼트,12세이상관람가
20175054,메이즈 러너: 데스 큐어,142,2017,20180117,장편,미국,스릴러|액션|SF,웨스 볼,딜런 오브라이언|토마스 생스터|카야 스코델라리오|이기홍|월튼 고긴스,이십세기폭스코리아(주),12세이상관람가
20176104,그것만이 내 세상,120,2017,20180117,장편,한국,드라마|코미디,최성현,이병헌|윤여정|박정민,씨제이이앤엠(주),12세이상관람가
20178228,다키스트 아워,125,2017,20180117,장편,영국,전쟁|드라마,조 라이트,게리 올드만|크리스틴 스콧 토마스|릴리 제임스|벤 멘델존,유니버설픽쳐스인터내셔널 코리아(유),12세이상관람가
20189525,젝스키스 에이틴,100,2017,20180118,장편,한국,다큐멘터리,,은지원|이재진|김재덕|강성훈|장수원,씨제이 씨지브이(CJ CGV)(주),전체관람가
20173662,리틀 뱀파이어,83,2017,20180118,장편,미국|독일,애니메이션,카스텐 킬러리치|리처드 클라우스,짐 카터|라스무스 하디커,(주)이수C&E,전체관람가
20178808,주문은 토끼입니까 ~Dear my sister~,60,2017,20180118,장편,일본,드라마|애니메이션,하시모토 히로유키,사쿠라 아야네|미나세 이노리|타네다 리사|사토 사토미|우치다 마아야,(주)애니플러스,전체관람가
20168161,1급기밀,100,2016,20180124,장편,한국,드라마,홍기선,김상경|김옥빈,(주)리틀빅픽쳐스,12세이상관람가
20177473,비밥바룰라,97,2018,20180124,장편,한국,코미디,이성재,박인환|신구|임현식|윤덕용,씨네그루(주)키다리이엔티,12세이상관람가
20178230,커뮤터,104,2017,20180124,장편,미국|영국,액션,자움 콜렛 세라,리암 니슨,메가박스중앙(주)플러스엠,15세이상관람가
20178444,극장판 레이디버그: 미라클스톤의 비밀,66,2017,20180125,장편,프랑스,애니메이션,토마스 아스트뤽,여민정|남도형,(주)삼지애니메이션,전체관람가
20178126,인시디어스4: 라스트 키,103,2017,20180131,장편,미국,스릴러|공포(호러)|미스터리,애덤 로비텔,린 샤예|스펜서 로크|조시 스튜어트|하비에르 보텟,소니픽쳐스엔터테인먼트코리아주식회사극장배급지점,15세이상관람가
20168323,염력,101,2017,20180131,장편,한국,코미디|드라마,연상호,류승룡|심은경|박정민,(주)넥스트엔터테인먼트월드(NEW),15세이상관람가
20178395,12 솔져스,130,2018,20180131,장편,미국,전쟁|액션|드라마,니콜라이 퓰시,크리스 헴스워스|마이클 섀넌|마이클 페나|트레반트 로즈,(주)제이앤씨미디어그룹,15세이상관람가
20178469,올 더 머니,132,2017,20180201,장편,미국,스릴러|범죄|드라마|미스터리,리들리 스콧,미셀 윌리엄스|크리스토퍼 플러머|마크 월버그,판씨네마(주),15세이상관람가
20179228,마야2,84,2017,20180201,장편,독일,애니메이션,세르지오 델피노|노엘 클리어리,김서영|김명준|김소희|윤세웅|오인실|임채헌|이소은|장병관|석승훈|이규창|민아,(주)영화사 빅,전체관람가
20189901,더 포리너,113,2017,20180207,장편,중국|영국,스릴러|액션,마틴 캠벨,성룡|피어스 브로스넌,(주)더블앤조이픽쳐스|TCO(주)더콘텐츠온,15세이상관람가
20179205,조선명탐정: 흡혈괴마의 비밀,119,2017,20180208,장편,한국,코미디|사극|어드벤처,김석윤,김명민|오달수|김지원,(주)쇼박스,12세이상관람가
20178672,패딩턴 2,103,2017,20180208,장편,영국|프랑스,드라마|코미디,폴 킹,엄상현,(주)이수C&E,전체관람가
20179106,겨울왕국의 무민,82,2017,20180208,장편,폴란드|핀란드,가족|애니메이션,이라 카르페란|야쿱 론스키,빌 스카스가드|알리시아 비칸데르|스텔란 스카스가드,(주)팝엔터테인먼트,전체관람가
20189761,터닝메카드W: 반다인의 비밀 특별판,75,2018,20180208,장편,한국,애니메이션,홍헌표,소연|윤미나|이현진,(주)제이앤씨미디어그룹|(주)버킷스튜디오,전체관람가
20176121,흥부: 글로 세상을 바꾼 자,105,2017,20180214,장편,한국,사극,조근현,정우|김주혁,롯데쇼핑㈜롯데엔터테인먼트,12세이상관람가
20170561,블랙 팬서,134,2018,20180214,장편,미국,SF|액션|드라마,라이언 쿠글러,채드윅 보스만|마이클 B. 조던|루피타 뇽오,월트디즈니컴퍼니코리아 유한책임회사,12세이상관람가|12세이상관람가
20078561,명탐정 코난:감벽의 관,106,2007,20180214,장편,일본,애니메이션,야마모토 야스이치로,김선혜|강수진|이현진|이용신|이정구|타카야마 미나미|야마구치 캇페이|야마자키 와카나|카미야 아키라,씨제이이앤엠(주),12세이상관람가
20168250,골든슬럼버,108,2017,20180214,장편,한국,드라마|범죄,노동석,강동원|김의성|한효주|김성균|김대명,씨제이이앤엠(주),15세이상관람가
20180542,50가지 그림자: 해방,105,2018,20180221,장편,미국,스릴러|드라마|멜로/로맨스,제임스 폴리,다코타 존슨|제이미 도넌,유니버설픽쳐스인터내셔널 코리아(유),청소년관람불가
20173436,셰이프 오브 워터: 사랑의 모양,123,2017,20180222,장편,미국,판타지|어드벤처,기예르모 델 토로,샐리 호킨스|마이클 섀넌|리차드 젠킨스|더그 존스,이십세기폭스코리아(주),청소년관람불가
20177946,월요일이 사라졌다,123,2017,20180222,장편,벨기에|영국|미국|프랑스,범죄|액션|어드벤처,토미 위르콜라,누미 라파스,(주)스마일이엔티,15세이상관람가
20189882,반딧불이 딘딘,85,2017,20180222,장편,중국,애니메이션,등위봉,방지원|조연우|신정훈|박상우|송영인,(주)박수엔터테인먼트,전체관람가
20170841,리틀 포레스트,103,2018,20180228,장편,한국,드라마,임순례,김태리|류준열|문소리|진기주,메가박스중앙(주)플러스엠,전체관람가
20150969,궁합,109,2015,20180228,장편,한국,드라마|코미디,홍창표,심은경|이승기,씨제이이앤엠(주),12세이상관람가
20189861,더 포스트,116,2017,20180228,장편,미국,스릴러|드라마,스티븐 스필버그,메릴 스트립|톰 행크스,CGV아트하우스,12세이상관람가
20180341,레드 스패로,140,2018,20180228,장편,미국,스릴러,프란시스 로렌스,제니퍼 로렌스|조엘 에저튼,이십세기폭스코리아(주),청소년관람불가
20189663,게이트,91,2017,20180228,장편,한국,코미디|범죄,신재호,정려원|임창정|정상훈|이경영|이문식,(주)제이앤씨미디어그룹,15세이상관람가
20179731,나미야 잡화점의 기적,129,2017,20180228,장편,일본,드라마|판타지,히로키 류이치,야마다 료스케|니시다 토시유키|무라카미 니지로|칸이치로,(주)이수C&E,전체관람가
20178781,사라진 밤,101,2017,20180307,장편,한국,스릴러,이창희,김상경|김강우|김희애,씨네그루(주)키다리이엔티,15세이상관람가
20178490,온리 더 브레이브,133,2017,20180307,장편,미국,드라마,조셉 코신스키,조슈 브롤린|마일스 텔러|제프 브리지스|테일러 키취,㈜코리아스크린,12세이상관람가
20176070,플로리다 프로젝트,111,2017,20180307,장편,미국,드라마,션 베이커,윌렘 데포|브루클린 프린스|브리아 비나이트,오드,15세이상관람가
20180564,툼레이더,117,2018,20180308,장편,미국,어드벤처|액션,로아 우타우,알리시아 비칸데르,워너브러더스 코리아(주),12세이상관람가
20170669,지금 만나러 갑니다,131,2017,20180314,장편,한국,멜로/로맨스,이장훈,소지섭|손예진,롯데쇼핑㈜롯데엔터테인먼트,12세이상관람가
20172244,치즈인더트랩,116,2017,20180314,장편,한국,스릴러|멜로/로맨스,김제영,박해진|오연서,(주)리틀빅픽쳐스,15세이상관람가
20180082,로건 럭키,118,2017,20180314,장편,미국,액션|코미디|범죄|드라마,스티븐 소더버그,채닝 테이텀|다니엘 크레이그|아담 드라이버|라일리 키오|힐러리 스웽크,(주)스톰픽쳐스코리아,12세이상관람가
20180302,허리케인 하이스트,102,2017,20180314,장편,미국,범죄|액션,롭 코헨,토비 켑벨|매기 그레이스|라이언 콴튼|랄프 이네슨,(주)넥스트엔터테인먼트월드(NEW),15세이상관람가
20178449,쓰리 빌보드,115,2017,20180315,장편,미국,드라마|코미디|범죄,마틴 맥도나,프란시스 맥도맨드,이십세기폭스코리아(주),15세이상관람가
20174603,퍼시픽 림: 업라이징,110,2018,20180321,장편,미국,SF|액션|어드벤처,스티븐 S. 드나이트,존 보예가|스콧 이스트우드,유니버설픽쳐스인터내셔널 코리아(유),15세이상관람가|15세이상관람가
20173962,소공녀,106,2017,20180322,장편,한국,드라마|멜로/로맨스,전고운,이솜|안재홍,CGV아트하우스,15세이상관람가
20181366,미니특공대X,67,2018,20180322,장편,한국,애니메이션,이영준,엄상현|전태열|이소영|신용우,(주)삼지애니메이션,전체관람가
20178522,콜 미 바이 유어 네임,131,2017,20180322,장편,미국|이탈리아|프랑스|브라질,멜로/로맨스|드라마,루카 구아다니노,티모시 샬라메|아미 해머,소니픽쳐스엔터테인먼트코리아주식회사극장배급지점,청소년관람불가
20154908,7년의 밤,123,2018,20180328,장편,한국,드라마|스릴러,추창민,장동건|류승룡|송새벽|고경표,씨제이이앤엠(주),15세이상관람가
20171122,레디 플레이어 원,139,2018,20180328,장편,미국,어드벤처|액션|SF,스티븐 스필버그,마크 라이런스|사이먼 페그|올리비아 쿡|타이 쉐리던|벤 멘델존|T.J. 밀러,워너브러더스 코리아(주),12세이상관람가|12세이상관람가
20180804,곤지암,94,2017,20180328,장편,한국,스릴러|공포(호러),정범식,위하준|박지현|오아연|문예원|박성훈|이승욱|유제윤,(주)쇼박스,15세이상관람가
20181621,막달라 마리아: 부활의 증인,119,2018,20180328,장편,영국,드라마,가스 데이비스,루니 마라|호아킨 피닉스,유니버설픽쳐스인터내셔널 코리아(유),12세이상관람가
20178424,레이디 버드,94,2017,20180404,장편,미국,드라마|코미디,그레타 거윅,시얼샤 로넌,유니버설픽쳐스인터내셔널 코리아(유),15세이상관람가
20153447,바람 바람 바람,100,2017,20180405,장편,한국,코미디,이병헌,이성민|신하균|송지효|이엘,(주)넥스트엔터테인먼트월드(NEW),청소년관람불가
20181561,덕구,91,2017,20180405,장편,한국,드라마,방수인,이순재|정지훈,메가박스중앙(주)플러스엠,전체관람가
20182021,번개맨과 신비의 섬,69,2017,20180405,장편,한국,뮤지컬|가족,김지열,서홍석|홍민아|유수호,(주)디스테이션|힘컨텐츠(주),전체관람가
20182922,문호 스트레이독스 [데드 애플],90,2018,20180405,장편,일본,액션|애니메이션|판타지,이가라시 타쿠야,우에무라 유토|미야노 마모루|오노 켄쇼|타니야마 키쇼,(주)애니플러스,12세이상관람가
20176917,램페이지,107,2018,20180412,장편,미국,액션,브래드 페이튼,드웨인 존슨|제프리 딘 모건|조 맹가니엘로,워너브러더스 코리아(주),12세이상관람가|12세이상관람가
20182352,"그날, 바다",110,2018,20180412,장편,한국,다큐멘터리,김지영,정우성,(주)엣나인필름,15세이상관람가
20165045,머니백,100,2016,20180412,장편,한국,드라마|액션,허준형,김무열|박희순|이경영|전광렬|임원희|오정세|김민교,(주)리틀빅픽쳐스,15세이상관람가
20181788,콰이어트 플레이스,90,2018,20180412,장편,미국,드라마|공포(호러)|스릴러,존 크랜신스키,에밀리 블런트|존 크래신스키,롯데쇼핑㈜롯데엔터테인먼트,15세이상관람가
20182221,스파키,91,2016,20180412,장편,한국,코미디|애니메이션|어드벤처,애론 우들리|아론 우들리,제이스 노먼,예지림엔터테인먼트,전체관람가
20182327,달링,118,2017,20180412,장편,영국,멜로/로맨스|드라마,앤디 서키스,앤드류 가필드|클레어 포이,(주)팝엔터테인먼트,12세이상관람가
20177266,나를 기억해,101,2018,20180419,장편,한국,스릴러|미스터리|범죄,이한욱,이유영|김희원,씨네그루(주)키다리이엔티,청소년관람불가
20182360,정글번치: 최강 악당의 등장,97,2017,20180419,장편,프랑스,애니메이션,다비드 알로,최원형|김민진|박재현|김하영|손윤상,(주)팝엔터테인먼트,전체관람가
20182701,크리미널 스쿼드,123,2018,20180419,장편,미국,액션|범죄,크리스찬 구드가스트,제라드 버틀러|파블로 쉬레이버|50센트|오시어 잭슨 주니어,(주)이수C&E,15세이상관람가
20181603,무문관,96,2018,20180419,장편,한국,다큐멘터리,박대원,0,영화사 마농(주),전체관람가
20182494,몬태나,131,2017,20180419,장편,미국,드라마,스콧 쿠퍼,크리스찬 베일|로자먼드 파이크|웨스 스투디|벤 포스터,판씨네마(주),15세이상관람가
20177962,당신의 부탁,107,2018,20180419,장편,한국,드라마,이동은,임수정|윤찬영,CGV아트하우스,15세이상관람가
20177478,어벤져스: 인피니티 워,149,2018,20180425,장편,미국,SF|액션|어드벤처|판타지,조 루소|안소니 루소,로버트 다우니 주니어|조슈 브롤린|마크 러팔로|톰 히들스턴|크리스 에반스|크리스 헴스워스|제레미 레너|스칼렛 요한슨,월트디즈니컴퍼니코리아 유한책임회사,12세이상관람가|12세이상관람가
20182561,당갈,160,2016,20180425,장편,인도,드라마|액션,니테쉬 티와리,아미르 칸|파티마 사나 셰이크|산야 말호트라,(주)넥스트엔터테인먼트월드(NEW),12세이상관람가
20167007,살인소설,102,2017,20180425,장편,한국,스릴러,김진묵,지현우|오만석|이나라|김학철|조은지,(주)스톰픽쳐스코리아|(주)페퍼민트앤컴퍼니,15세이상관람가
20182990,아기곰 보보 구출 대작전,75,2016,20180425,장편,노르웨이,애니메이션,라스무스 A. 실버르센,허성재|조연우|박상우,와이드 릴리즈(주),전체관람가
20176101,클레어의 카메라,68,2016,20180425,장편,한국,드라마,홍상수,이자벨 위페르|김민희|장미희|정진영,(주)영화제작전원사 |(주)콘텐츠판다|무브먼트,15세이상관람가
20183195,레오나르도 다 빈치,82,2018,20180426,장편,이탈리아,애니메이션,세르지오 맨피오,김명준,(주)스마일이엔티,전체관람가
20189783,챔피언,108,2017,20180501,장편,한국,드라마,김용완,마동석|권율|한예리,워너브러더스 코리아(주),12세이상관람가
20182385,매직빈,72,2017,20180503,장편,중국,애니메이션,조이 주,장병관|황창영|민아,(주)영화사 빅,전체관람가
20176067,"부르고뉴, 와인에서 찾은 인생",113,2017,20180503,장편,프랑스,드라마,세드릭 클래피쉬,피오 마르마이|아나 지라르도|프랑수와 시빌,(주)티캐스트,15세이상관람가
20182989,커다랗고 커다랗고 커다란 배,77,2017,20180503,장편,덴마크,애니메이션,요르겐 레르담|필립 립스키,이소은|이제인|윤세웅|이규창|김현수,예지림엔터테인먼트,전체관람가
20182984,얼리맨,88,2018,20180503,장편,영국,애니메이션,닉 파크,에디 레드메인|톰 히들스턴|메이지 윌리엄스,(주)이수C&E,전체관람가
20176069,원더스트럭,115,2017,20180503,장편,미국,드라마,토드 헤인즈,줄리안 무어|오크스 페글리|미셀 윌리엄스|밀리센트 시먼즈,CGV아트하우스,전체관람가
20183307,샷 콜러,120,2017,20180504,장편,미국,스릴러|범죄|액션,릭 로먼 워,니콜라이 코스터 왈도,(주)스톰픽쳐스코리아,청소년관람불가
20177005,레슬러,109,2018,20180509,장편,한국,코미디|드라마,김대웅,유해진|김민재|이성경,롯데쇼핑㈜롯데엔터테인먼트,15세이상관람가
20137352,루비 스팍스,104,2012,20180510,장편,미국,판타지|코미디,조나단 데이턴|발레리 페리스,폴 다노|조 카잔,(주)팝엔터테인먼트,15세이상관람가|15세이상관람가
20183083,중2병이라도 사랑이 하고 싶어! 테이크 온 미,99,2018,20180510,장편,일본,애니메이션,이시하라 타츠야,후쿠야마 쥰|우치다 마아야,와이드 릴리즈(주),12세이상관람가
20159102,씨 오브 트리스,110,2015,20180510,장편,미국,드라마,구스 반 산트,매튜 맥커너히|나오미 왓츠,(주)영화사오원,12세이상관람가
20181823,보리 vs 매켄로,107,2017,20180510,장편,핀란드|스웨덴|덴마크,드라마,야누스 메츠,스베리르 구드나슨|샤이아 라보프,(주)엣나인필름,12세이상관람가
20183084,피터 래빗,94,2018,20180516,장편,호주|미국|영국,가족|애니메이션,윌 글럭,제임스 코든|도널 글리슨|로즈 번|샘 닐|신용우|엄상현|우정신|김무규,소니픽쳐스엔터테인먼트코리아주식회사극장배급지점,전체관람가
20182046,"안녕, 나의 소녀",104,2017,20180516,장편,대만,멜로/로맨스,사준의,류이호|송운화,오드,12세이상관람가
20176848,데드풀 2,117,2018,20180516,장편,미국,SF|액션|어드벤처|코미디,데이빗 레이치,라이언 레이놀즈|프레드 세비지|조슈 브롤린|재지 비츠|모레나 바카린|줄리안 데니슨,이십세기폭스코리아(주),청소년관람불가
20182323,임을 위한 행진곡,104,2018,20180516,장편,한국,드라마,박기복,김꽃비|김부선|전수현|김채희,(주)알앤오엔터테인먼트,15세이상관람가
20173202,버닝,147,2018,20180517,장편,한국,미스터리,이창동,유아인|스티븐 연|전종서,CGV아트하우스,청소년관람불가
20183321,마징가 Z: 인피니티,94,2018,20180517,장편,일본,액션|애니메이션|SF,시미즈 준지,김영선|홍시호|이지현|모리쿠보 쇼타로|카야노 아이,(주)이수C&E,12세이상관람가
20183381,5.18 힌츠페터 스토리,94,2018,20180517,장편,한국,다큐멘터리,장영주,위르겐 힌츠페터|조성하,(주)드림팩트엔터테인먼트,12세이상관람가
20183741,다이노 헌터: 티렉스VS파키리노 대격돌,77,2018,20180517,장편,영국,애니메이션,앤드류 코헨|닐 나이팅게일|베리 쿡,0,(주)박수엔터테인먼트,전체관람가
20179383,독전,123,2017,20180522,장편,한국,액션|범죄,이해영,조진웅|류준열|김성령|박해준|차승원|김주혁,(주)넥스트엔터테인먼트월드(NEW),15세이상관람가
20183801,트루스 오어 데어,99,2018,20180522,장편,미국,스릴러|공포(호러),제프 와드로,루시 헤일|타일러 포시,유니버설픽쳐스인터내셔널 코리아(유),15세이상관람가
20180789,한 솔로: 스타워즈 스토리,135,2018,20180524,장편,미국,SF|액션,론 하워드,엘든 이렌리치|요나스 수오타모|우디 해럴슨|에밀리아 클라크,월트디즈니컴퍼니코리아 유한책임회사,12세이상관람가
20184513,위 베어 베어스: 베이비 베어스,70,2018,20180524,장편,미국,가족|애니메이션|드라마,매니 에르난데스,0,(주)팝엔터테인먼트,전체관람가
20183384,서산개척단,76,2018,20180524,장편,한국,다큐멘터리,정승현|이조훈,정영철|하용복|윤기숙|정화자|이상범|손연복,(주)인디플러그,12세이상관람가
20184132,"세라비, 이것이 인생!",115,2017,20180530,장편,프랑스,코미디,에릭 토레다노|올리비에르 나카체,장 피에르 바크리|질 를르슈|수잔 클레망|장 폴 루브,(주)디스테이션,전체관람가
20173865,데자뷰,86,2018,20180530,장편,한국,스릴러|미스터리,고경민,이천희|남규리|이규한,씨네그루(주)키다리이엔티,15세이상관람가
20176053,"스탠바이, 웬디",93,2017,20180530,장편,미국,드라마,벤 루윈,다코타 패닝|토니 콜레트,판씨네마(주),전체관람가
20180943,꼬마영웅 바비,71,2016,20180530,장편,중국,코미디|애니메이션|어드벤처,지안밍 후앙,이인석|김주호|김명준|김민성|최낙윤|안현서,와이드 릴리즈(주),전체관람가
20184668,디트로이트,142,2017,20180531,장편,미국,스릴러,캐서린 비글로우,존 보예가|안소니 마키|윌 폴터,그린나래미디어(주),15세이상관람가
20185081,아이 필 프리티,109,2018,20180606,장편,미국,코미디,아비 콘,에이미 슈머|미셀 윌리엄스,(주)홈초이스,15세이상관람가
20179086,쥬라기 월드: 폴른 킹덤,127,2018,20180606,장편,미국,SF|액션|어드벤처,후안 안토니오 바요나,크리스 프랫|브라이스 달라스 하워드,유니버설픽쳐스인터내셔널 코리아(유),12세이상관람가|12세이상관람가
20135305,극장판 포켓몬스터DP - 디아루가 VS 펄기아 VS 다크라이,90,2018,20180606,장편,일본,애니메이션,유야마 쿠니히코,임채헌|이선호|정미숙|변영희|마츠모토 리카|오오타니 이쿠에|토요구치 메구미|우에다 유지,(주)이수C&E,전체관람가
20184261,벅스 프렌즈,75,2018,20180606,장편,중국,애니메이션,딩 스,김소희|윤세웅|석승훈,(주)스톰픽쳐스코리아,전체관람가
20184782,호비와 매직 아일랜드,60,2018,20180606,장편,일본,애니메이션,히로 타카시마|카와마타 히로시,미나미 오미|타카하시 미키,(주)머스트씨무비릴리징컴퍼니,전체관람가
20184801,유전,127,2017,20180607,장편,미국,공포(호러),아리 애스터,토니 콜레트|알렉스 울프|밀리 샤피로,(주)팝엔터테인먼트,15세이상관람가
20184903,오션스8,110,2018,20180613,장편,미국,범죄|액션,게리 로스,산드라 블록|케이트 블란쳇|앤 해서웨이|민디 캘링|사라 폴슨|아콰피나|리한나|헬레나 본햄 카터,워너브러더스 코리아(주),12세이상관람가
20178161,탐정: 리턴즈,116,2018,20180613,장편,한국,범죄|코미디,이언희,권상우|성동일|이광수,씨제이이앤엠(주),15세이상관람가
20184512,토니스토리2: 고철왕국의 친구들,81,2017,20180613,장편,독일,어드벤처|애니메이션|코미디,마커스 하먼|토마스 보덴스타인,신정훈|이민형|오은수|송영인|크리스토프 마리아 허브스트|옐라 하세,(주)박수엔터테인먼트,전체관람가
20184699,바르다가 사랑한 얼굴들,93,2017,20180614,장편,프랑스,다큐멘터리,제이알|아녜스 바르다,아녜스 바르다|제이알|미미,(주)영화사 진진,전체관람가
20184762,류이치 사카모토: 코다,101,2017,20180614,장편,일본,다큐멘터리,스티븐 쉬블,사카모토 류이치,주식회사 씨네룩스,전체관람가
20184101,여중생A,114,2018,20180620,장편,한국,드라마,이경섭,김환희|수호,롯데컬처웍스(주)롯데엔터테인먼트,12세이상관람가
20184689,아일라,123,2017,20180621,장편,터키,전쟁|드라마,칸 울카이,이스마일 하지오글루|김설,(주)영화사 빅,15세이상관람가
20184845,미드나잇 선,91,2018,20180621,장편,미국,멜로/로맨스,스콧 스피어,벨라 손|패트릭 슈왈제네거,씨네그루(주)키다리이엔티,12세이상관람가
20175527,더 펜션,112,2017,20180621,장편,한국,드라마,류장하|정허덕재|윤창모|양종현,조재윤|조한철|박효주|박혁권|이영진|김태훈|신소율|이이경|황선희,(주)영화사오원,15세이상관람가
20182001,개들의 섬,101,2018,20180621,장편,미국,다큐멘터리|코미디|애니메이션,웨스 앤더슨,브라이언 크랜스턴|에드워드 노튼|빌 머레이|제프 골드블럼|리브 슈라이버|스칼렛 요한슨|틸다 스윈튼|프란시스 맥도맨드,이십세기폭스코리아(주),12세이상관람가
20185648,유니콘 원정대: 비밀의 다이어리,91,2016,20180621,장편,인도,애니메이션,카말 반살,최원형|변종필|장은숙|안종덕|장경희,(주)팝엔터테인먼트,전체관람가
20185341,마녀,125,2018,20180627,장편,한국,액션|미스터리,박훈정,김다미|조민수|박희순|최우식,워너브러더스 코리아(주),15세이상관람가
20172469,허스토리,120,2017,20180627,장편,한국,드라마,민규동,김희애|김해숙,(주)넥스트엔터테인먼트월드(NEW),12세이상관람가
20185001,빅샤크: 매직체인지,73,2015,20180627,장편,중국,애니메이션,헤 질리,홍후백|이제인|장병관|김사라|김한나|윤세웅|김경희|이슬,와이드 릴리즈(주),전체관람가
20184721,시카리오: 데이 오브 솔다도,122,2018,20180627,장편,미국,드라마|액션|범죄,스테파노 솔리마,조슈 브롤린|베니치오 델 토로|이사벨라 모너|캐서린 키너,㈜코리아스크린,15세이상관람가
20180522,앤트맨과 와스프,118,2018,20180704,장편,미국,SF|액션|어드벤처,페이튼 리드,폴 러드|에반젤린 릴리,월트디즈니컴퍼니코리아 유한책임회사,12세이상관람가|12세이상관람가
20174369,변산,122,2017,20180704,장편,한국,드라마,이준익,박정민|김고은,메가박스중앙(주)플러스엠,15세이상관람가
20184904,드래곤 프린세스,75,2018,20180705,장편,러시아,애니메이션,알트욤 루키체프,0,(주)박수엔터테인먼트,전체관람가
20181443,스카이스크래퍼,102,2018,20180711,장편,미국,스릴러|액션,로슨 마샬 터버,드웨인 존슨,유니버설픽쳐스인터내셔널 코리아(유),12세이상관람가
20182564,"오늘 밤, 로맨스 극장에서",108,2018,20180711,장편,일본,멜로/로맨스|판타지,타케우치 히데키,아야세 하루카|사카구치 켄타로,(주)디스테이션,전체관람가
20175221,킬링 디어,120,2017,20180712,장편,영국|미국,스릴러,요르고스 란티모스,콜린 파렐|니콜 키드먼|배리 케오간,오드,청소년관람불가
20185599,꼬마 보트 토토: 타요 타요 배 타요,73,2017,20180712,장편,노르웨이,어드벤처|애니메이션,시멘 알스빅,엄현정|삼타 샤르마,(주)팝엔터테인먼트,전체관람가
20180282,속닥속닥,91,2018,20180713,장편,한국,미스터리|공포(호러),최상훈,소주연|김민규|김영|김태민|최희진|박진|신재승|고우리,(주)그노스,15세이상관람가
20183361,인크레더블 2,125,2018,20180718,장편,미국,가족|애니메이션|액션|어드벤처|코미디,브래드 버드,크레이그 T. 넬슨|홀리 헌터|사라 보웰|헉 밀너|사무엘 L. 잭슨,월트디즈니컴퍼니코리아 유한책임회사,전체관람가
20185621,호텔 아르테미스,93,2018,20180718,장편,미국,범죄|액션,드류 피어스,조디 포스터|데이브 바티스타|스털링 K. 브라운|소피아 부텔라|제프 골드블럼,판씨네마(주),15세이상관람가
20186282,이별의 아침에 약속의 꽃을 장식하자,114,2018,20180719,장편,일본,드라마|애니메이션|판타지,오카다 마리,이와미 마나카|이리노 미유,(주)미디어캐슬,12세이상관람가
20186001,신은 죽지 않았다 3: 어둠 속의 빛,104,2018,20180719,장편,미국,드라마,마이클 메이슨,데이빗 A.R. 화이트|존 코빗,(주)영화사 그램|(재)CBS,12세이상관람가
20181181,미션 임파서블: 폴아웃,147,2018,20180725,장편,미국,스릴러|액션,크리스토퍼 맥쿼리,톰 크루즈,롯데컬처웍스(주)롯데엔터테인먼트,15세이상관람가|15세이상관람가
20185242,신비아파트: 금빛 도깨비와 비밀의 동굴,67,2018,20180725,장편,한국,어드벤처|애니메이션|판타지,김병갑,조현정|김영은|김채하|신용우,씨제이이앤엠(주),전체관람가
20170942,인랑,138,2018,20180725,장편,한국,액션|SF,김지운,강동원|한효주|정우성|김무열,워너브러더스 코리아(주),15세이상관람가
20187682,해적왕 작스톰,81,2018,20180725,장편,한국,애니메이션,필립 귀엔,엄상현|이주창|정선혜|최석필|최낙윤|김영선,(주)삼지애니메이션,전체관람가
20186121,어느 가족,120,2018,20180726,장편,일본,드라마,고레에다 히로카즈,릴리 프랭키|안도 사쿠라|마츠오카 마유|키키 키린|죠 카이리|사사키 미유,(주)티캐스트,15세이상관람가
20186202,신과함께-인과 연,141,2017,20180801,장편,한국,드라마|판타지,김용화,하정우|주지훈|김향기|마동석|김동욱,롯데컬처웍스(주)롯데엔터테인먼트,12세이상관람가
20186501,극장판 헬로카봇 : 백악기 시대,84,2018,20180801,장편,한국,애니메이션,김진철|최신규,이지현,(주)넥스트엔터테인먼트월드(NEW),전체관람가
20179044,더 스퀘어,151,2017,20180802,장편,덴마크|스웨덴|독일|프랑스,코미디,루벤 외스틀룬드,클라에스 방|도미닉 웨스트|엘리자베스 모스,아이 엠,15세이상관람가
20181942,맘마미아!2,113,2018,20180808,장편,미국,뮤지컬,올 파커,아만다 사이프리드|릴리 제임스|메릴 스트립|피어스 브로스넌|제레미 어바인|콜린 퍼스|휴 스키너|스텔란 스카스가드|조쉬 딜란,유니버설픽쳐스인터내셔널 코리아(유),12세이상관람가
20179101,공작,137,2017,20180808,장편,한국,드라마,윤종빈,황정민|이성민|조진웅|주지훈,씨제이이앤엠(주),12세이상관람가
20184802,몬스터 호텔 3,97,2018,20180808,장편,미국,판타지|애니메이션|코미디|가족,젠디 타타코브스키,아담 샌들러|셀레나 고메즈|앤디 샘버그,소니픽쳐스엔터테인먼트코리아주식회사극장배급지점,전체관람가
20187427,명탐정 코난 : 제로의 집행인,110,2018,20180808,장편,일본,애니메이션,타치카와 유즈루,타카야마 미나미|야마자키 와카나|코야마 리키야,씨제이이앤엠(주),12세이상관람가
20183584,메가로돈,113,2018,20180815,장편,미국,SF|액션|공포(호러),존 터틀타웁,도미닉 페이스|캐롤라인 해리스|마이클 매드슨,워너브러더스 코리아(주),12세이상관람가|12세이상관람가
20170670,목격자,111,2017,20180815,장편,한국,스릴러,조규장,이성민|김상호|진경|곽시양,(주)넥스트엔터테인먼트월드(NEW),15세이상관람가
20187641,극장판 도라에몽: 진구의 보물섬,107,2018,20180815,장편,일본,어드벤처|애니메이션|SF,이마이 카즈아키,윤아영|김정아|미즈타 와사비|오오하라 메구미,(주)이수C&E,전체관람가
20187683,플로이,82,2018,20180815,장편,벨기에|아이슬란드,가족|애니메이션|어드벤처,아르니 올라푸르 아스게이르손,하하,(주)스마일이엔티,전체관람가
20187647,나를 차버린 스파이,117,2018,20180822,장편,미국,코미디|액션,수잔나 포겔,밀라 쿠니스|케이트 맥키넌,(주)누리픽쳐스,15세이상관람가
20153446,너의 결혼식,110,2017,20180822,장편,한국,멜로/로맨스,이석근,박보영|김영광,메가박스중앙(주)플러스엠,12세이상관람가
20187657,마일22,94,2018,20180823,장편,미국,스릴러|액션|어드벤처,피터 버그,마크 월버그,(주)팝엔터테인먼트,15세이상관람가
20185046,서치,102,2017,20180829,장편,미국,드라마,아니쉬 차간티,존 조|데브라 메싱,소니픽쳐스엔터테인먼트코리아주식회사극장배급지점,12세이상관람가
20177537,상류사회,119,2018,20180829,장편,한국,드라마,변혁,박해일|수애,롯데컬처웍스(주)롯데엔터테인먼트,청소년관람불가
20189362,업그레이드,100,2018,20180906,장편,미국,액션,리 워넬,로간 마샬그린,유니버설픽쳐스인터내셔널 코리아(유),15세이상관람가
20189261,어드리프트:우리가 함께한 바다,96,2018,20180906,장편,미국,드라마|멜로/로맨스,발타자르 코루마쿠르,쉐일린 우들리|샘 클래플린,(주)이수C&E,12세이상관람가
20188446,양말요정 휴고의 대모험,77,2016,20180906,장편,크로아티아|체코|슬로바키아,애니메이션|어드벤처,갈리나 미클리노바,조연우|크리스토프 하데크,와이드 릴리즈(주),전체관람가
20156554,물괴,105,2017,20180912,장편,한국,사극|액션,허종호,김명민|김인권|혜리|박성웅|박희순|이경영|최우식,롯데컬처웍스(주)롯데엔터테인먼트|씨네그루(주)키다리이엔티,15세이상관람가
20188581,더 프레데터,107,2018,20180912,장편,미국,스릴러|SF|액션,쉐인 블랙,보이드 홀브룩|올리비아 문|트레반트 로즈|스털링 K. 브라운|제이콥 트렘블레이|키건 마이클 키,이십세기폭스코리아(주),청소년관람불가
20188342,바니부기: 드래곤 에그를 찾아서,76,2017,20180912,장편,중국,어드벤처|애니메이션,리양우,호정|주미,(주)박수엔터테인먼트,전체관람가
20188567,더 게스트,88,2017,20180912,장편,스페인,스릴러|공포(호러),미겔 앙헬 비바스,레이첼 니콜스|로라 해링,(주)스톰픽쳐스코리아,청소년관람불가
20188242,타샤 튜더,104,2017,20180913,장편,일본,다큐멘터리,마츠타니 미츠에,타샤 튜더,(주)마노엔터테인먼트,전체관람가
20173734,죄 많은 소녀,113,2017,20180913,장편,한국,미스터리|드라마,김의석,전여빈|서영화|고원희,CGV아트하우스,15세이상관람가
20189262,더 넌,96,2018,20180919,장편,미국,공포(호러),코린 하디,테이사 파미가|데미안 비쉬어|보니 아론스|샬롯 호프,워너브러더스 코리아(주),15세이상관람가
20177308,협상,114,2018,20180919,장편,한국,범죄,이종석,손예진|현빈,씨제이이앤엠(주),15세이상관람가
20172204,명당,126,2018,20180919,장편,한국,사극,박희곤,조승우|지성|김성균|문채원|유재명|박충선|백윤식,메가박스중앙(주)플러스엠,12세이상관람가
20176122,안시성,135,2018,20180919,장편,한국,액션|사극,김광식,조인성|남주혁|박성웅,(주)넥스트엔터테인먼트월드(NEW),12세이상관람가
20189746,극장판 뽀잉: 슈퍼 변신의 비밀,72,2018,20180920,장편,한국,애니메이션,정미화,전태열|엄상현|홍소영|정영웅,(주)시너지미디어|(주)이수C&E,전체관람가
20189268,루이스,85,2018,20180920,장편,독일,애니메이션,크리스토프 라우엔슈타인|울프강 라우엔슈타인,김서영|칼럼 말로니,(주)스마일이엔티,전체관람가
20188304,극장판 요괴워치 섀도사이드: 도깨비왕의 부활,103,2017,20180920,장편,일본,애니메이션,우시로 신지,여민정|한채언|김지율|홍범기|소정환|강성우|신용우|이호산,씨제이이앤엠(주),전체관람가
20185222,체실 비치에서,109,2017,20180920,장편,영국,멜로/로맨스|드라마,도미닉 쿡,빌리 하울|시얼샤 로넌,그린나래미디어(주)|(주)키위미디어그룹,15세이상관람가
20180167,에그엔젤 코코밍: 두근두근 핼러윈 파티,68,2018,20180922,장편,일본,애니메이션,닛타 노리오,0,(주)엠제이픽쳐스,전체관람가
20167903,원더풀 고스트,96,2018,20180926,장편,한국,범죄|코미디|드라마,조원희,마동석|김영광|이유영,(주)제이앤씨미디어그룹|TCO(주)더콘텐츠온,12세이상관람가
20189743,파이널 포트레이트,90,2017,20180927,장편,영국,드라마,스탠리 투치,제프리 러쉬|아미 해머|실비 테스튀|클레멘스 포시,(주)팝엔터테인먼트,15세이상관람가
20179189,암수살인,109,2017,20181003,장편,한국,드라마|범죄,김태균,김윤석|주지훈,(주)쇼박스,15세이상관람가
20177221,베놈,107,2018,20181003,장편,미국,스릴러|액션|SF,루벤 플레셔,톰 하디|미셀 윌리엄스,소니픽쳐스엔터테인먼트코리아주식회사극장배급지점,15세이상관람가
20189123,곰돌이 푸 다시 만나 행복해,103,2018,20181003,장편,미국,어드벤처,마크 포스터,이완 맥그리거|헤일리 앳웰|마크 거티스|짐 커밍스,월트디즈니컴퍼니코리아 유한책임회사,전체관람가
20189462,셜록 놈즈,86,2018,20181003,장편,미국,코미디|애니메이션,존 스티븐슨,조니 뎁|에밀리 블런트|제임스 맥어보이|장민혁|박영재|정주원|장예나,씨네그루(주)키다리이엔티|(주)삼백상회,전체관람가
20180523,스타 이즈 본,135,2018,20181009,장편,미국,멜로/로맨스|드라마,브래들리 쿠퍼,브래들리 쿠퍼|레이디 가가,워너브러더스 코리아(주),15세이상관람가
20180931,극장판 가면라이더 이그제이드: 트루 엔딩,57,2017,20181009,장편,일본,애니메이션|액션,나카자와 쇼지로,김혜성|류승곤|이호산|정재헌|김연우|박성영|서반석|이이지마 히로키|세토 토시키|마츠모토 우쿄,(주)이수C&E,전체관람가
20189331,리즈와 파랑새,90,2018,20181009,장편,일본,애니메이션,야마다 나오코,타네자키 아츠미|토야마 나오,(주)디스테이션|플레이리스트(주),전체관람가
20180770,다이노 어드벤처2: 육해공 공룡 대백과,71,2018,20181009,장편,영국,가족|애니메이션|액션,마이크 데블린,0,(주)박수엔터테인먼트,전체관람가
20181262,노크: 초대받지 않은 손님,85,2018,20181011,장편,미국,스릴러|공포(호러),조하네스 로버츠,베일리 매디슨|루이스 풀먼|크리스티나 헨드릭스|마틴 헨더슨,(주)삼백상회,15세이상관람가
20189067,미쓰백,97,2017,20181011,장편,한국,드라마,이지원,한지민|김시아|이희준,(주)리틀빅픽쳐스,15세이상관람가
20188661,에브리데이,97,2018,20181011,장편,미국,멜로/로맨스,마이클 수지,앵거리 라이스|저스티스 스미스|오웬 티그|제이콥 배털런|루카스 제이드 주먼,그린나래미디어(주)|(주)홈초이스,12세이상관람가
20180624,킨: 더 비기닝,102,2018,20181011,장편,미국,액션|미스터리,조쉬 베이커|조나단 베이커,마일스 트루잇|잭 레이너|조 크라비츠,판씨네마(주),15세이상관람가
20186321,퍼스트맨,141,2018,20181018,장편,미국,드라마|SF,데이미언 셔젤,라이언 고슬링|클레어 포이,유니버설픽쳐스인터내셔널 코리아(유),12세이상관람가
20187521,펭귄 하이웨이,117,2018,20181018,장편,일본,판타지|애니메이션|어드벤처,이시다 히로야스,키타 카나|아오이 유우|김서영,(주)넥스트엔터테인먼트월드(NEW),전체관람가
20184678,배반의 장미,98,2018,20181018,장편,한국,코미디,박진영,김인권|정상훈|손담비|김성철,롯데컬처웍스(주)롯데엔터테인먼트,15세이상관람가
20180628,액슬,98,2018,20181018,장편,미국,어드벤처|액션,올리버 달리,알렉스 뉴이스테터,(주)팝엔터테인먼트,12세이상관람가
20174981,창궐,121,2018,20181025,장편,한국,액션|사극,김성훈,현빈|장동건,(주)넥스트엔터테인먼트월드(NEW),15세이상관람가
20181669,윌리,89,2018,20181025,장편,말레이시아,코미디|애니메이션|어드벤처,칼 멘데스,허성재|조연우|방지원|송영인|신정훈|박상우|오기 뱅크스|개빈 얍,㈜코리아스크린,전체관람가
20182403,크레이지 리치 아시안,120,2018,20181025,장편,미국,코미디|멜로/로맨스,존 추,콘스탄스 우|헨리 골딩|양자경|젬마 찬|아콰피나,워너브러더스 코리아(주),12세이상관람가
20177538,완벽한 타인,115,2018,20181031,장편,한국,코미디|드라마,이재규,유해진|조진웅|이서진|염정아|김지수|송하윤|윤경호,롯데컬처웍스(주)롯데엔터테인먼트,15세이상관람가
20181171,바울,107,2018,20181031,장편,미국,드라마,앤드류 하얏트,제임스 펄크너|제임스 카비젤,(재)CBS,15세이상관람가
20185485,보헤미안 랩소디,134,2018,20181031,장편,미국,드라마,브라이언 싱어,라미 말렉|루시 보인턴|귈림 리|벤 하디|조셉 마젤로,이십세기폭스코리아(주),12세이상관람가
20181404,벽 속에 숨은 마법시계,105,2018,20181031,장편,미국,스릴러|판타지|공포(호러)|미스터리|SF,일라이 로스,잭 블랙|케이트 블란쳇|오웬 바카로,CGV아트하우스,전체관람가
20180987,할로윈,105,2018,20181031,장편,미국,공포(호러),데이빗 고든 그린,제이미 리 커티스|주디 그리어,유니버설픽쳐스인터내셔널 코리아(유),청소년관람불가
20181879,나츠메 우인장: 세상과 연을 맺다,104,2018,20181031,장편,일본,애니메이션,이토 히데키|오오모리 타카히로,카미야 히로시|이노우에 카즈히코,(주)애니플러스,전체관람가
20189281,폴란드로 간 아이들,78,2018,20181031,장편,한국,드라마|다큐멘터리,추상미,추상미|이송,커넥트픽쳐스(주),전체관람가
20181367,캡틴 스터비,84,2018,20181101,장편,영국|미국|아일랜드|프랑스|캐나다,전쟁|애니메이션|어드벤처|가족,리처드 라니,로건 레먼|제라르 드파르디외|헬레나 본햄 카터,(주)디스테이션,전체관람가
20182693,구스범스: 몬스터의 역습,89,2018,20181107,장편,미국,어드벤처|판타지,아리 산델,웬디 맥렌던 커비|매디슨 아이즈먼|크리스 파넬|켄 정,소니픽쳐스엔터테인먼트코리아주식회사극장배급지점,12세이상관람가
20170513,동네사람들,99,2018,20181107,장편,한국,스릴러|액션,임진순,마동석|김새론|이상엽,(주)리틀빅픽쳐스,15세이상관람가
20182748,알리바이 닷 컴,89,2017,20181107,장편,프랑스,멜로/로맨스|코미디,필리프 라슈,필립 라쇼|엘로디 퐁탕,판씨네마(주),15세이상관람가
20183063,박물관이 진짜 살아있다,86,2017,20181108,장편,체코,코미디|애니메이션|어드벤처,이나 예블라니코바|마틴 코틱,0,(주)팝엔터테인먼트,전체관람가
20179006,여곡성,94,2018,20181108,장편,한국,미스터리|공포(호러),유영선,서영희|손나은|이태리|박민지,(주)스마일이엔티,15세이상관람가
20176814,신비한 동물들과 그린델왈드의 범죄,133,2018,20181114,장편,미국,판타지,데이빗 예이츠,에디 레드메인|캐서린 워터스톤|앨리슨 수돌|에즈라 밀러|주드 로|조니 뎁|칼럼 터너,워너브러더스 코리아(주),12세이상관람가|12세이상관람가
20182935,출국,104,2018,20181114,장편,한국,드라마,노규엽,이범수,,15세이상관람가
20183050,번 더 스테이지: 더 무비,82,2018,20181115,장편,한국,기타,박준수,RM|진|슈가|제이홉|지민|뷔|정국|방탄소년단,월트디즈니컴퍼니코리아 유한책임회사,전체관람가
20186822,너의 췌장을 먹고 싶어,109,2018,20181115,장편,일본,드라마|애니메이션,우시지마 신이치로,타카스기 마히로|린,(주)넥스트엔터테인먼트월드(NEW),12세이상관람가
20183009,로빈슨의 언더워터 어드벤처,73,2018,20181115,장편,러시아,어드벤처|애니메이션|판타지,막심 볼코브,0,(주)박수엔터테인먼트,전체관람가
20189869,해피 투게더,110,2018,20181115,장편,한국,코미디|드라마,김정환,박성웅|송새벽|최로운,플레이리스트(주),12세이상관람가
20184481,성난황소,115,2018,20181122,장편,한국,액션|범죄,김민호,마동석|송지효|김성오,(주)쇼박스,15세이상관람가
20183073,베일리 어게인,100,2017,20181122,장편,미국,코미디|어드벤처|드라마,라세 할스트롬,조시 게드|데니스 퀘이드,(주)홈초이스,전체관람가
20184514,꼬마비행기 피티와 친구들:사막구출 대작전,73,2016,20181122,장편,중국,애니메이션,루카스 퀴아오,치엔 펑|제임스 라라비,와이드 릴리즈(주),전체관람가
20182669,툴리,95,2018,20181122,장편,캐나다,드라마,제이슨 라이트맨,맥켄지 데이비스|샤를리즈 테론,(주)리틀빅픽쳐스,15세이상관람가
20183043,캡틴 샤키,77,2017,20181122,장편,독일,어드벤처|애니메이션|액션,허버트 베일란드,최정현|김경희|민아|박상훈|석승훈|홍진욱|안톤 페촐트|율레 헤르만|악셀 프랄,예지림엔터테인먼트,전체관람가
20177552,국가부도의 날,114,2018,20181128,장편,한국,드라마,최국희,김혜수|유아인|허준호|조우진,씨제이이앤엠(주),12세이상관람가
20183007,거미줄에 걸린 소녀,115,2018,20181128,장편,미국,범죄|액션|스릴러,페드 알바레즈,클레어 포이,소니픽쳐스엔터테인먼트코리아주식회사극장배급지점,15세이상관람가
20181905,후드,116,2018,20181128,장편,미국,어드벤처,오토 바서스트,태런 에저튼|제이미 폭스|벤 멘델존|제이미 도넌|이브 휴슨|폴 앤더슨,(주)이수C&E,12세이상관람가
20182966,투 프렌즈,74,2018,20181129,장편,러시아,어드벤처|애니메이션,빅터 아즈에프,0,(주)박수엔터테인먼트,전체관람가
20178825,모털 엔진,128,2018,20181205,장편,미국,SF|액션|어드벤처,크리스찬 리버스,헤라 힐마|로버트 시한|휴고 위빙|지혜|스티븐 랭,유니버설픽쳐스인터내셔널 코리아(유),12세이상관람가|12세이상관람가
20183745,런닝맨 : 풀룰루의 역습,66,2018,20181205,장편,한국,애니메이션,윤준상,김서영|권창욱|엄상현|김연우|강시현|전태열,(주)넥스트엔터테인먼트월드(NEW),전체관람가
20179230,도어락,102,2018,20181205,장편,한국,드라마|스릴러,이권,공효진,메가박스중앙(주)플러스엠,15세이상관람가
20189843,호두까기 인형과 4개의 왕국,99,2018,20181206,장편,미국,드라마|판타지,조 존스톤|라세 할스트롬,맥켄지 포이|키이라 나이틀리|헬렌 미렌|모건 프리먼,월트디즈니컴퍼니코리아 유한책임회사,전체관람가
20183650,번개맨의 비밀,68,2018,20181206,장편,한국,뮤지컬|가족,강유선,서홍석|유수호,(주)디스테이션,전체관람가
20183288,헌터 킬러,121,2017,20181206,장편,미국,스릴러|액션,도노반 마시,제라드 버틀러|게리 올드만,씨네그루(주)키다리이엔티,15세이상관람가
20184529,트와이스랜드,109,2018,20181207,장편,한국,다큐멘터리,,쯔위|나연|정연|모모|사나|지효|미나|다현|채영,씨제이 씨지브이(CJ CGV)(주),전체관람가
20183238,스파이더맨: 뉴 유니버스,116,2018,20181212,장편,미국,가족|애니메이션|액션,로드니 로스맨|밥 퍼시케티|피터 램지,샤메익 무어|헤일리 스테인펠드|니콜라스 케이지|제이크 존슨|리브 슈라이버|마허샬라 알리,소니픽쳐스엔터테인먼트코리아주식회사극장배급지점,12세이상관람가|12세이상관람가
20181764,모어 댄 블루,106,2018,20181212,장편,대만,드라마|멜로/로맨스,임효겸,류이호|진의함,오드,12세이상관람가
20182082,부탁 하나만 들어줘,116,2018,20181212,장편,미국,미스터리|스릴러,폴 페이그,안나 켄드릭|블레이크 라이블리,(주)팝엔터테인먼트,청소년관람불가
20183685,엘리엇과 산타 썰매단,89,2018,20181212,장편,캐나다,가족|애니메이션,제니퍼 웨스트콧,최원형|장경희|조쉬 허처슨|사만다 비,(주)팝엔터테인먼트,전체관람가
20175547,스윙키즈,133,2018,20181219,장편,한국,드라마,강형철,디오|자레드 그라임스|박혜수|오정세|김민호,(주)넥스트엔터테인먼트월드(NEW),12세이상관람가
20168773,마약왕,139,2017,20181219,장편,한국,드라마|범죄,우민호,송강호|조정석|배두나,(주)쇼박스,청소년관람불가
20180290,아쿠아맨,143,2018,20181219,장편,호주|미국,액션,제임스 완,제이슨 모모아|앰버 허드|니콜 키드먼|패트릭 윌슨,워너브러더스 코리아(주),12세이상관람가|12세이상관람가
20182421,그린치,89,2018,20181219,장편,미국,코미디|애니메이션,스콧 모시어,베네딕트 컴버배치,유니버설픽쳐스인터내셔널 코리아(유),전체관람가|전체관람가
20183479,극장판 짱구는 못말려: 아뵤! 쿵후 보이즈 ~라면 대란~,103,2018,20181219,장편,일본,애니메이션,타카하시 와타루,박영남|강희선|김환진|여민정,씨제이이앤엠(주),전체관람가
20183375,극장판 포켓몬스터 모두의 이야기,98,2018,20181219,장편,일본,애니메이션,야지마 테츠오,마츠모토 리카|오오타니 이쿠에,(주)이수C&E,전체관람가
20186281,범블비,113,2018,20181225,장편,미국,SF|액션|어드벤처,트래비스 나이트,헤일리 스테인펠드|존 시나,롯데컬처웍스(주)롯데엔터테인먼트,12세이상관람가
20183785,점박이 한반도의 공룡2 : 새로운 낙원,93,2018,20181225,장편,한국,애니메이션,한상호,박희순|라미란|김성균,(주)넥스트엔터테인먼트월드(NEW),전체관람가|전체관람가
20170658,PMC: 더 벙커,124,2018,20181226,장편,한국,액션,김병우,하정우|이선균,씨제이이앤엠(주),15세이상관람가
20188042,독전: 익스텐디드 컷,131,2017,20180718,장편,한국,범죄|액션,이해영,조진웅|류준열|김주혁|김성령|박해준|차승원,(주)넥스트엔터테인먼트월드(NEW),15세이상관람가
